天体名称,距离模数,退行速度
PGC765572,36.38,13281
NGC1201,31.54,1597
PGC869197,37.52,23603
PGC994819,36.22,-
PGC998264,36.95,22941
PGC1059326,34.16,2702
PGC1114283,36.49,13497
PGC1124612,37.77,31378
PGC1160052,37.11,27136
PGC1172545,37.54,32351
PGC1258718,35.51,8980
PGC1392929,35.9,10914
PGC1506233,35.63,8478
PGC1809186,35.07,9385
PGC1824266,30.23,405
PGC2601822,28.66,253
PGC2793293,34.35,4478
PGC2798836,33.34,-
PGC2798844,33.15,-
PGC2798867,33.24,-
PGC2801026,26.42,95
PGC2801052,28.34,230
PGC2802467,24.39,-
PGC2802561,24.86,-
PGC2802598,24.31,-
PGC2802601,25.01,-
PGC2802602,24.64,-
PGC2807061,26.12,142
PGC2807102,28.29,239
PGC2807103,27.64,207
PGC2807110,28.4,302
PGC2807150,27.1,258
PGC2807133,27.86,-
ANDROMEDA06,24.46,-169
PGC2807155,24.57,-96
PGC2807157,27.03,63
PGC3081460,36.58,12712
PGC3097690,28.89,275
PGC3097691,24.45,-24
PGC3097727,28.16,-
ANDROMEDA05,24.39,-223
PGC3097827,27.86,-24
PGC3097828,27.75,-
PGC3108973,38.58,48464
PGC3114934,37.85,35904
SDSSJ003709.59-011222.4,40.06,93153
2MASXJ03052260+0051346,38.03,35410
SDSSJ205036.66-002115.2,39.94,77826
SDSSJ211531.80-002116.5,39.21,59325
2MASXJ00024910+0045055,37.28,26117
2MASXJ01415126-0052365,37.43,28074
2MASXJ01270614+1906587,36.1,13036
2MASXJ01454460-5605518,37.83,26265
2MASXJ03372260-3302350,35.73,11584
2MASXJ09591870-1928233,34.18,3439
2MASXJ13524703+0518496,37.92,25157
SDSSJ212342.95-005035.0,37.2,18904
6dFJ0956376-092911,29.86,426
SDSSJ004632.24+005017.4,38.14,39239
SDSSJ010743.60-010222.1,38.79,52370
SDSSJ012648.45-011417.3,37.03,17269
SDSSJ215558.49-010413.0,37.6,21706
APPLES1,29.6,652
GOODSJ123649.72+621313.4,41.39,142369
GOODSJ123655.57+621245.9,43.11,237250
ANDROMEDA17,24.35,-68
HIPASSJ1348-37,28.76,440
[RGK2003]J010858.96+000024.8,38.99,56131
PGC041782,31.12,1456
MS1008.1-1224:PPP001719,40.25,89756
CENTAURUSN,27.82,-
[HS98]117,28,79
IKN,27.87,-34
SAGITTARIUS_DWARF_SPHEROIDAL,17.1,169
ANDROMEDA09,24.43,-33
CANES_VENATICI_DWARF,21.65,69
BOOTES2,18.1,-116
BOOTES1,19.1,109
UMA1,19.95,-7
UMA2,17.5,-33
SDSSJ1049+5103,18.11,35
COMA,18.15,82
CANES_VENATICI_2,21,-95
HERCULES,20.8,145
LEO4,20.96,10
BOOTES3,18.35,240
LEO5,21.25,59
SEGUE2,17.73,42
WMMA080,37.21,10931
[CKT2009]D0939+71,27.83,-
ANDROMEDA18,25.59,-135
ANDROMEDA19,24.83,68
ANDROMEDA20,24.36,-
ANDROMEDA10,24.05,8
ANDROMEDA14,24.37,-326
ANDROMEDA11,24.33,-297
ANDROMEDA12,24.62,-393
ANDROMEDA13,24.62,-24
ANDROMEDA16,23.71,-211
[CKT2009]D0934+70,27.4,-
[CKT2009]D0944+69,27.91,-
[CKT2009]D0955+70,27.69,-
[CKT2009]D1006+67,27.79,-
[CKT2009]D1014+68,27.92,-
[CKT2009]D1041+70,27.84,-
[CKT2009]D0926+70,27.66,-
[CKT2009]D0944+71,27.68,76
[CKT2009]D1015+69,27.96,-
PISCES2,21.3,-75
SEGUE3,16.13,36
DDO169NW,28.18,324
SCL-DE1_GC1,28.17,-
AGC112521,28.92,399
ANDROMEDA23,24.36,-85
ANDROMEDA24,24.77,-
ANDROMEDA25,24.5,81
ANDROMEDA26,24.41,-
ANDROMEDA27,24.6,-355
ANDROMEDA21,24.61,-164
ANDROMEDA22,24.66,3
AGC749241,28.75,450
AGC748778,29.05,405
AGC174585,29.48,241
AGC174605,29.91,226
ALFAZOAJ1952+1428,29.62,467
NGC4423,31.47,1046
NGC4430,32.76,1373
GALAXY,14.57,-
ANDROMEDA30,24.17,48
CANIS_MAJOR_DWARF,14.41,-
[QQH97]J234014.21+261211.8,36.15,10374
[HM92c]230149-3736.8,38.42,30279
SCPJ110136.37-060631.6,36.55,11841
NSFJ235412.09+272432.3,35.25,7373
NSFJ022743.32+281037.6,35.81,10561
SDSSJ121438.73+121347.7,37.56,19125
SDSSJ010934.78+004215.9,34.26,60030
ANDROMEDA31,24.4,16
ANDROMEDA32,24.45,-181
SKHV302,24.23,-
SKHV108,24.4,-
[SVA2008]M33EC1,24.75,-19
ANDROMEDA33,24.49,-216
GHOSTS1,30.4,-
IC3094,33.25,-221
IC3032,30.87,1122
M101DF1,29.02,-
M101DF3,29.07,-
M101DF2,29.19,-
PGC039331,31.28,-37
IC0776,32.53,2397
IC3881,32.23,900
SCLMMDW1,27.98,-
[LLH2012]41,31.32,-
PGC5067952,41.65,-
PGC5067955,41.77,-
PGC5067979,38.82,-
PGC5067980,40.32,-
PGC5068230,35.63,9474
H-ZSNSJ022853.88+011624.2,43.44,-
SCPJ140159.90+050459.6,43.85,-
SCPJ135711.96+042026.9,43.52,-
SDSSJ021705.50+001649.0,38.58,81556
SDSSJ212139.25+005340.7,40.42,89440
SDSSJ213511.76+000947.1,39.81,79026
SDSSJ221927.32+002939.9,39.58,65231
SDSSJ000758.69+003817.4,40.06,-
SDSSJ211120.85-002643.3,38.55,42955
SDSSJ204721.99-011511.8,39.49,-
SDSSJ204810.37-011017.1,38.46,-
SDSSJ204853.05+001128.0,37.46,-
SDSSJ002713.69+010714.2,39.84,64061
SDSSJ020452.97-001935.2,40.59,-
SDSSJ024204.98-003226.9,38.92,54113
SDSSJ225648.34+002403.9,40.13,87228
SDSSJ032021.70-005308.0,39.24,-
SDSSJ220341.21+003410.3,38.08,-
SDSSJ012137.62-005838.0,38.69,49673
SDSSJ015951.03+003826.2,38.65,-
SDSSJ021814.72+004747.6,39.3,63923
SDSSJ221616.63+004229.2,39.56,75045
SDSSJ221841.16+003821.1,39.54,69446
SDSSJ011049.19+010028.4,39.83,-
SDSSJ033348.97+004233.6,40.89,-
SDSSJ033637.49+010445.0,39.49,-
SDSSJ221310.25+010302.0,40.06,-
SDSSJ020403.84-002157.0,40.12,83278
SDSSJ004857.05-005420.6,40.51,-
SDSSJ023354.13+001650.6,40.67,109014
SDSSJ233759.60+003831.6,40.03,-
SDSSJ235932.26+004413.8,38.59,48671
SDSSJ012606.80+004036.8,40.33,-
SDSSJ205019.78-004931.0,41.02,-
SDSSJ031833.83+000724.1,38.05,-
SDSSJ032922.06-010540.9,40.13,-
SDSSJ205024.61-001004.4,39.11,-
SDSSJ221243.86-000205.7,39.37,-
SDSSJ000928.47+010917.7,41.13,123355
SDSSJ001300.13+001453.6,38.04,36447
SDSSJ001423.59+001959.0,38.63,46951
SDSSJ011135.03-000021.2,40.03,-
SDSSJ215108.69-005034.6,40.31,-
SDSSJ231633.32-003947.5,39.09,56020
SDSSJ021902.54-001622.2,40.06,84068
SDSSJ000713.58+002056.3,39.87,-
SDSSJ001303.73-003712.5,40.2,88561
SDSSJ213115.60-010325.2,40.48,93424
SDSSJ010445.70+003050.1,40.19,92802
SDSSJ204155.88+010531.2,39.79,-
SDSSJ212451.95+002308.2,41.2,-
SDSSJ215216.47+001601.5,39.15,-
SDSSJ235552.64+005237.2,40.26,-
SDSSJ223603.21-002204.5,39.9,-
SDSSJ004524.41+010432.1,39.26,-
SDSSJ021706.20+003205.4,40.3,-
SDSSJ001718.34-001526.1,39.49,-
SDSSJ205644.66+002430.0,41.16,-
SDSSJ213256.12-004159.2,39.02,54174
SDSSJ215218.98+002818.9,39.27,61485
SDSSJ001900.83-001653.4,40.39,-
SDSSJ032821.68-001933.9,39.5,-
SDSSJ020950.39-000342.3,39.26,63828
SDSSJ025040.16-000357.5,40.44,108278
SDSSJ024050.12+005935.3,41.42,-
SDSSJ204019.25-000025.8,40.72,-
SDSSJ231351.60+011525.2,39.96,81816
SDSSJ221355.96+010511.4,40.67,-
SDSSJ235005.02-005517.0,38.99,55924
SDSSJ231120.91-003631.1,41.19,117348
SDSSJ024136.04+001218.1,40.87,-
SDSSJ024456.67+001212.5,41.07,-
SDSSJ222102.64-004454.2,39.37,64591
SDSSJ021404.48-001420.6,37.84,35328
SDSSJ035012.89-001424.9,40.01,-
H-ZSNSJ074855.70+100606.3,40.85,126695
[PDG95]J224418.86+000648.5,40.88,113461
[K95]J025730.70-014119.8,40.01,71944
SDSSJ081906.57+074321.2,41.5,116190
H-ZSNSJ104850.96+000330.4,41.96,170745
H-ZSNSJ082413.33+032458.5,41.06,146754
H-ZSNSJ134556.16+022653.7,41.41,148358
H-ZSNSJ124835.19-004603.0,42.44,196580
H-ZSNSJ153011.25+055527.0,41.55,134948
H-ZSNSJ134827.22+022746.6,41.07,128874
[GC96]J101020.28-123309.2,40.6,128729
[GC96]J120039.43-001602.4,41.78,170774
[GC96A]J115033.54+102646.7,41.7,128832
SCPJ082405.21+041122.6,40.53,95792
SCPJ082352.67+040844.0,42.48,173438
SCPJ104857.61+003150.0,41.12,134771
SCPJ105552.98-035902.3,41.34,174032
SCPJ105731.52-031348.3,41.72,124570
SCPJ134709.90+022357.5,42.83,248790
H-ZSNSJ170748.26+440126.2,41.34,132090
H-ZSNSJ123704.27+622624.9,41.65,150008
H-ZSNSJ045611.63-034126.0,43.21,257733
H-ZSNSJ045856.32-035929.4,41.71,161796
H-ZSNSJ082138.13+032510.5,42.88,233694
H-ZSNSJ045514.27-055144.8,42.59,173785
H-ZSNSJ045830.23-031604.0,43.78,228652
H-ZSNSJ045936.57-030934.6,41.23,158800
H-ZSNSJ045937.31-030901.6,38.58,53873
H-ZSNSJ082157.14+035335.7,43.65,164744
H-ZSNSJ082350.03+032852.8,39.49,53819
H-ZSNSJ082402.51+040733.1,42.48,110781
H-ZSNSJ105555.93-035648.2,41.25,140756
H-ZSNSJ105651.48-035836.9,41.05,131763
H-ZSNSJ105719.23-035451.7,42.26,194719
H-ZSNSJ105356.22-033910.0,40.62,107779
H-ZSNSJ105615.02-041521.5,41.29,131762
H-ZSNSJ105716.38-033359.2,41.61,149751
H-ZSNSJ105721.51-031449.9,42.45,191723
H-ZSNSJ134336.92+021930.6,41.47,128870
H-ZSNSJ134620.89+020240.4,42.05,191827
H-ZSNSJ134744.72+022057.2,42.53,224806
MSACSSJ092016.00+003339.6,38.5,44816
EROSJ110115.76-114515.2,38.08,37009
EROSJ115700.46-112638.6,38.25,35834
SDSSJ230017.30-000515.4,38.72,54695
H-ZSNSJ023354.39+003255.6,41.61,137921
H-ZSNSJ023035.62+010943.3,42.92,278827
H-ZSNSJ041403.88+041755.0,41.34,140863
SDSSJ233153.01+000933.5,39.85,84063
SCPJ152306.31+293931.9,43.56,278908
SCPJ140200.95+050059.2,41.8,165464
SDSSJ140151.41+045312.5,42.26,201140
SCPJ135704.54+043059.8,41.66,153168
SDSSJ215647.63+001901.3,38.19,38605
NSFJ033923.74+350249.0,31.84,974
SDSSJ030711.02+010711.9,38.18,38895
SDSSJ223041.15-004634.4,37.26,27068
SDSSJ010821.96-000546.6,40.33,87010
SDSSJ025032.13+004826.4,39.31,57304
SDSSJ033048.96-011415.4,38.41,47939
SDSSJ215704.19-001324.4,37.93,32611
SDSSJ030421.26-010347.0,37.98,37311
SDSSJ014559.73+011144.5,39.05,48017
SDSSJ023628.25+003042.6,39.93,77544
SDSSJ214000.48-000002.9,38.46,30132
SDSSJ223132.21-002937.2,39.8,75089
SDSSJ231842.19-011216.7,40.34,90314
SDSSJ011619.85-004846.4,40.58,104990
SDSSJ215548.23+011052.7,39.65,66191
SDSSJ222315.50+001513.3,39.77,77563
SDSSJ222805.78-010731.1,39.41,72090
SDSSJ002700.27-003511.8,38.34,41116
SDSSJ014742.71+001226.2,40.77,89984
SDSSJ030111.99-003313.5,38.88,17982
[PDG95]J024002.10-013715.8,40.28,111529
APMUKS(BJ)B141934.25+021314.0,35.27,-
APMUKS(BJ)B051529.79-235009.8,35.65,-
APMUKS(BJ)B124225.40-061107.2,38.1,44866
APMUKS(BJ)B033926.36-005631.5,37.99,37921
APMUKS(BJ)B001911.19-003608.1,38.76,52287
APMUKS(BJ)B231730.59-001946.5,37.94,33172
APMUKS(BJ)B002819.57-005941.4,37.97,35336
[PPG94]023732.30-014657.6,40.19,112128
[PPG94]101617.23+510723.4,40.48,127454
[PPG94]114725.33+105938.6,40.57,106048
[WM92]212426.8-614612,37.62,22407
CL0303+1706:[DG92]074,41.23,125957
DEEP2_41100811,42.98,245191
CENA-MM-DW1,27.8,-
CENA-MM-DW2,27.78,-
PISCES1,19.51,-
HYDRA2,20.64,130
PEGASUS3,21.63,-63
RETICULUM2,17.45,-91
ERIDANUS2,22.82,-67
HOROLOGIUM1,19.6,-27
PHOENIX2,19.75,-
GRUS1,20.4,-186
ERIDANUS3,19.8,-
TUCANA2,18.8,-205
HOROLOGIUM2,19.46,-
HYDRA1,15.52,-55
SCLMMDW2,27.47,-
CENA-MM-DW3,28.32,-
CENA-MM-DW4,27.96,-
CENA-MM-DW5,27.67,-
CENA-MM-DW6,27.78,-
CENA-MM-DW7,27.65,-
CENA-MM-DW8,27.7,-
CENA-MM-DW9,27.9,-
IC0745,31.29,1025
UGC07184,32.61,2018
UGC07394,32.45,1510
NGC5496,31.77,1500
UGC09215,31.93,1380
NGC5584,32.25,1626
UGC09299,32.33,1532
NGC5719,32.11,1716
VIRGOUDF1,31.22,-
AQUARIUS2,20.16,41
KIM2,20.08,-
MADCASHJ074238+652501DW,27.65,-
MAGLITESJ0644-5953,18.3,-
UGC09977,32.34,1949
UGC05238,32.56,1626
UGC00272,33.72,3988
NGC0941,31.71,1615
NGC4421,30.7,1506
UGC05376,33.06,1915
NGC3365,31.29,862
PGC035705,32.41,1484
NGC4666,30.82,1433
PGC040747,31.07,-
UGC05797,30.09,573
NGC0955,31.8,1499
NGC5300,31.33,1138
NGC5658,31.82,1605
NGC1299,31.99,2281
IC3521,31.18,526
NGC4483,31.1,819
CRATER2,20.35,-74
VIRGO_CLUSTER,31.01,-
[C2006]J122648.1+132117.5,31,-
[C2006]J122642.1+132233.0,30.9,-
[C2006]J122620.1+123425.3,30.9,-
NGC6809,13.58,213
NGC1866,18.5,-
PGC2802610,24.53,-155
NGC6715,17.11,171
NGC6819,11.86,-
NGC6791,13.08,-
IC3059,31.88,202
NGC4207,31.28,538
IC3061,33.07,2261
IC3066,32.19,313
ESO300-014,30.04,835
NGC4276,32.2,2544
NGC4259,33.78,2393
UGC07423,32.73,1190
UGC07424,32,781
UGC07421,31.97,92
NGC4316,32.11,1184
IC3239,31.49,685
NGC4353,32.28,1045
IC3229,31.93,1468
IC3268,32.68,652
PGC040045,29.84,1252
PGC040059,31.78,681
IC3292,30.97,655
PGC040409,32.98,806
PGC040408,32.17,1674
IC3267,32.86,1162
PGC040411,31.05,843
IC3259,31.17,1340
IC3311,31.47,-195
UGC07522,32.75,1337
PGC040670,31.31,1019
IC3298,32.64,2393
NGC4417,31,752
NGC4416,33,1321
PGC040766,31.64,931
NGC4376,31.73,1061
IC3371,32.49,856
PGC040831,34.31,1774
UGC07567,32.31,795
UGC07579,33.06,2173
NGC4466,32.46,682
UGC07612,32.65,1488
IC3414,31.32,458
PGC041180,31.02,1324
IC3446,33.3,1198
NGC4496A,30.82,1651
NGC4489,30.91,901
NGC4488,29.53,914
IC0800,30.73,2292
IC3483,33.83,78
NGC4531,30.89,58
IC3501,31.04,1567
NGC4591,33.19,2360
PGC041959,30.93,232
PGC041918,32.24,1016
UGC07795,30.55,-8
UGC07802,31.56,1711
IC3633,31.03,1917
IC3635,31.11,1514
NGC4634,31.55,80
NGC4598,32.17,1899
NGC4620,31.62,1080
PGC042442,31.03,1669
NGC2573,32.02,2257
IC2051,31.06,1546
NGC1473,31.34,1219
ESO015-001,31.33,1472
ESO085-014,31.31,1216
NGC2082,30.73,995
ESO005-004,32.04,1687
ESO060-019,31.63,1226
ESO090-015,32.3,1454
ESO091-003,31.51,1682
ESO019-003,32.12,1812
ESO037-005,31.48,948
IC3104,26.86,242
ESO040-007,32.02,2492
ESO009-001,32.54,2396
IC4595,32.87,3275
ESO138-013,31.79,2611
IC4633,32.28,2794
NGC6943,32.24,3011
ESO026-001,30.55,2628
ESO107-015,32.81,3268
IC5052,28.71,483
IC5084,33.69,3051
ESO107-016,32.49,1705
IC5120,32.86,3227
ESO011-005,33.25,2826
ESO048-017,31.87,2784
NGC7329,33.26,3148
IC5333,32.27,1903
ESO012-010,33.57,1786
HIPASSJ1247-77,27.65,227
UGC03787,35.91,8469
NGC4440,31.19,670
NGC4492,32.57,1677
PGC041723,31.29,780
PGC042717,32.73,2345
NGC4289,33.27,2525
NGC4503,30.35,1297
NGC4623,31.17,1726
NGC4746,32.43,1738
NGC4629,32.59,1020
UGC08085,32.37,2006
NGC4632,30.55,1634
UGC07697,33.27,2508
UGC07982,31.42,1084
UGC07991,31.55,1193
UGC08166,33.72,2897
UGC07943,31.78,772
PGC043341,31.49,1414
UGC08084,31.82,2709
NGC7503,36.43,13365
PGC2017209,24,-200
NGC7222,36.59,12492
PGC044596,35.24,6045
NGC4824,35.29,7103
PGC376039,36.57,13302
PGC027776,33.45,3060
NGC0023,33.55,4729
[MJB2015]DW1335-29,28.5,-
GAIA1,13.3,-
GAIA2,13.7,-
UGC00017,31.34,1024
ESO293-034,31.6,1477
UGC00054,34.32,4441
NGC0007,31.57,1502
ESO293-045,32.17,1428
NGC0063,31.34,1292
PGC001288,33.44,3789
UGC00196,33.74,5334
ESO150-005,30.68,1354
NGC0105,33.88,5307
UGC00256,33.4,5372
UGC00260,32.23,2263
ESO294-010,26.45,69
UGC00288,29.17,374
IC1553,32.54,2933
IC1555,31.25,1539
IC1558,29.93,1560
NGC0191,34.94,6135
UGC00392,32.15,1587
ESO079-005,31.44,1598
NGC0216,30.3,1555
PGC002492,32.06,1585
PGC002544,29.27,416
NGC0232,34.6,6694
PGC002726,36.12,11317
NGC0252,34.44,5092
ESO540-030,27.62,248
UGC00509,34.3,5294
UGC00511,34.46,4759
ESO540-032,27.79,245
NGC0274,31.43,1787
UGC00521,32.59,781
NGC0289,31.59,1608
PGC003183,33.09,4950
NGC0298,32.18,1810
PGC003285,34.77,6823
IC1601,35.37,3746
PGC003466,33.94,4881
UGC00608,32.83,2934
ESO541-005,33.11,1968
ESO351-030,19.63,76
UGC00622,32.83,2893
UGC00628,34.66,5574
UGC00634,32.15,2309
IC1610,34.34,5653
PGC004143,32.43,1927
PGC004222,34.59,5725
UGC00748,34.46,5009
UGC00764,34.7,4893
UGC00825,34.53,5512
NGC0485,32.45,2333
NGC0477,34.82,6018
UGC00909,34.62,5235
ESO352-057,34.61,5639
NGC0514,32.09,2568
UGC00958,32.7,2525
UGC00964,33.05,2820
PGC005341,33.29,2001
PGC005329,32.01,2043
UGC01020,32.99,2695
ESO476-010,31.68,1584
NGC0551,34.04,5340
UGC01070,31.75,2964
UGC01112,31.96,1774
UGC01110,32.74,2860
UGC01160,34.28,5582
NGC0634,34.4,5072
UGC01171,29.34,834
UGC01176,29.78,727
UGC01197,32.76,2901
PGC006354,29.48,882
UGC01240,31.86,1863
IC0163,31.99,2851
PGC006703,32.16,1447
IC1735,35.75,11496
PGC006864,33.23,2155
UGC01333,37.08,17780
PGC006898,32.79,1665
PGC006966,34.16,5039
NGC0721,33.74,5737
NGC0748,34.34,5338
NGC0755,31.49,1636
PGC007299,36.7,13801
NGC0779,31.44,1408
NGC0809,34.72,5348
UGC01567,36.1,9163
NGC0825,34.72,3446
IC0210,31.51,1935
PGC008295,31.42,2011
UGC01685,34.79,6298
UGC01703,28.17,158
UGC01726,34.19,5389
ESO544-030,30.72,1580
ESO544-031,35.94,15864
IC1788,33.28,3447
NGC0865,32.45,3100
PGC008778,34.71,6174
PGC008796,36.01,11127
IC0219,34.44,5042
ESO545-003,31.88,1556
ESO545-002,31.55,1576
ESO545-005,32.36,2301
NGC0895,32.74,2295
UGC01820,33.1,4066
UGC01845,31.28,4791
PGC009140,26.63,157
UGC01867,33.87,5330
PGC009272,32.59,2097
ESO479-004,31.22,1457
UGC01980,34.17,4883
UGC01999,31.73,1044
UGC01993,35.21,8143
PGC009816,32.46,3872
PGC009800,33.97,4757
NGC0988,30.94,1491
ESO545-038,35.98,4628
PGC009892,27.69,221
ESO115-021,28.53,369
UGC02171,33.91,4661
NGC1079,32.65,1376
IC1844,34.78,6826
PGC010738,36.23,10380
PGC010948,34.42,6465
PGC011004,33.27,3646
UGC02404,34.43,4987
ESO154-023,28.83,434
UGC02429,32.42,1773
ESO199-007,28.9,498
IC1870,31.22,1532
PGC011248,31.93,2360
NGC1162,33.06,3897
UGC02411,32.81,2706
IC0277,33.97,2856
PGC011365,35.52,8928
UGC02459,32.8,2592
NGC1172,31.71,1485
NGC1187,31.39,1320
ESO480-025,31.44,1646
UGC02485,31.87,2178
UGC02511,33.71,3954
ESO248-002,31.33,1261
ESO300-009,34.76,5960
IC1892,32.88,2810
PGC011767,35.47,8645
PGC011782,33.76,3078
UGC02519,32.12,2534
ESO547-012,33.12,1949
ESO357-007,31.21,1014
IC1898,31.5,1250
NGC1249,30.85,928
ESO116-012,31.71,997
ESO481-014,31.44,1649
NGC1253,31.65,1688
PGC012130,32.59,2286
ESO357-012,31.49,1456
NGC1259,34.2,5934
ESO481-018,31.34,1712
NGC1297,32.26,1507
NGC1311,28.72,425
ESO481-021,31.69,1659
PGC012608,32.21,1941
ESO301-008,31.5,1298
NGC1326A,31.02,1713
PGC012798,32.14,1807
IC1933,31.14,912
IC1919,31.45,1214
PGC012868,31.78,2233
ESO358-004,31.55,-
NGC1351A,31.44,1235
PGC013058,31.41,1696
NGC1350,31.24,1789
PGC013084,31.45,1166
IC1954,30.64,912
PGC013097,31.54,1541
UGC02773,26.69,330
IC1952,31.79,1722
IC1959,28.95,491
PGC013177,31.51,1257
NGC1366,31.6,1194
PGC013294,29.31,595
ESO358-025,31.32,1753
IC1970,31.56,1103
PGC013343,31.43,1571
NGC1387,31.41,1138
NGC1389,31.61,798
ESO358-043,31.59,1260
NGC1396,31.48,695
ESO358-042,31.55,1041
NGC1411,31.46,868
ESO358-050,31.47,1176
UGC02829,34.74,6002
NGC1428,31.55,1513
UGC02813,31.04,1535
ESO156-008,36.97,17532
ESO358-056,31.65,977
UGC02827,31.77,1678
NGC1436,30.96,1264
PGC013758,31.44,1850
NGC1437B,30.06,1374
NGC1460,31.47,1212
PGC013821,29.62,1157
ESO358-066,31.48,1362
UGC02868,34.65,5495
IC2000,31.41,827
UGC02890,30.5,1314
UGC02905,28.82,302
NGC1495,30.9,1128
UGC02896,32.96,2388
UGC02906,34.1,2646
PGC014370,34.35,4660
ESO359-016,32.02,1271
ESO550-005,31.71,1788
NGC1527,31.26,1015
PGC014600,32.5,2862
PGC014626,32.96,1781
UGC02988,33.71,3840
PGC014768,32.19,1853
PGC014780,35.24,8822
NGC1556,31.13,817
UGC03009,33.15,3777
NGC1558,33.91,4372
ESO550-024,30.26,786
UGC03028,33.64,5527
UGC03066,34.07,4595
UGC03078,34.05,5462
UGC03084,33.33,4032
UGC03089,33.82,4592
ESO202-041,30.35,1483
UGC03108,33.53,4029
ESO157-049,31.87,1489
UGC03114,33.73,3855
PGC015869,33.16,2429
UGC03148,34.21,4698
UGC03151,33.91,4580
UGC03143,34.19,4694
UGC03144,31.47,1784
NGC1688,30.3,1042
ESO421-019,31.25,1328
UGC03167,34.22,4857
NGC1679,30.05,899
UGC03186,34.11,4513
ESO361-015,31.09,1012
PGC016322,33.49,3754
NGC1699,33.54,3844
IC0396,30.67,1015
NGC1723,32.5,3629
ESO486-003,32.81,1624
ESO552-052,34.05,4453
UGC03237,33.63,4116
NGC1784,32.22,2199
NGC1824,30.36,1055
NGC1797,34.38,4356
PGC016772,32.44,2244
UGC03250,34.87,4644
ESO553-017,32.9,1828
PGC016875,32.42,2556
PGC016894,32.19,1851
NGC1853,32.26,1217
ESO305-017,32,891
ESO423-002,31.54,1304
UGC03253,33.99,4285
NGC1879,31.42,1071
ESO362-019,31.18,1108
UGC03276,32.53,2648
UGC03257,31,2346
NGC1888,32.98,2290
PGC017217,33.04,2359
UGC03303,29.27,440
NGC1924,32.42,2430
IC2135,30.84,1141
UGC03319,34.22,4344
UGC03329,34.1,5206
ESO554-018,33.36,2711
UGC03332,34.32,5767
ESO120-012,30.53,1150
ESO363-015,30.82,1081
ESO487-035,31.09,1563
NGC2049,34.15,2813
PGC017716,29.05,286
UGC03351,33.44,4500
PGC017787,36.64,14796
UGC03354,33.26,3171
ESO555-002,33,2210
UGC03365,34.73,5266
IC0438,32.9,2966
PGC018109,34.27,5854
UGC03379,33.66,4233
IC2152,32.15,1701
UGC03373,33.91,4905
ESO425-002,32.34,1208
PGC018373,32.86,2066
PGC018467,34.04,4386
ESO425-011,33.82,3024
UGC03406,34.19,5316
UGC03403,31.22,1390
PGC018581,32.11,1904
UGC03422,34.05,4185
ESO121-020,28.92,372
ESO489-029,32.09,1519
UGC03413,33.24,4366
PGC018813,34.36,5416
PGC018848,32.04,2675
PGC018855,30.52,587
ESO556-015,32.14,1811
UGC03459,33.35,2781
PGC018989,32.42,4372
ESO426-008,35.11,6866
ESO489-056,29,304
ESO490-005,35.38,6929
ESO490-007,32.39,2656
UGC03484,35.08,7500
ESO557-005,36.49,10948
UGC03498,33.36,3713
PGC019325,34.71,5835
PGC019343,30.55,578
NGC2263,32.16,2552
NGC2273A,31.56,2186
ESO122-001,32.27,2401
ESO206-020A,20.16,13
UGC03524,33.35,3834
IC2171,30.2,608
ESO427-006,33.25,2591
NGC2283,29.97,662
NGC2273B,31.59,2188
ESO490-045,31.9,1514
NGC2293,31.14,1841
UGC03587,31.9,1196
UGC03575,33.88,4008
UGC03540,32.44,2096
ESO491-009,32.67,1857
UGC03605,35.77,7881
UGC03598,30.58,2078
ESO491-012,33.14,2383
UGC03627,34.37,6330
UGC03630,32.02,1632
UGC03637,32.68,3426
PGC020125,28.61,345
ESO427-034,32.29,2179
PGC020274,32.44,1554
ESO491-020,33.45,2672
UGC03731,34.15,4864
UGC03717,33.61,4314
UGC03751,32.1,2235
UGC03770,34.94,6317
UGC03749,32.19,1261
ESO428-015,31.75,1868
UGC03777,32.83,3176
ESO428-018,32.69,1870
ESO428-017,32.69,2180
UGC03784,34.07,2541
UGC03783,35.1,6126
ESO367-017,32.27,2569
UGC03808,33.48,2332
PGC020827,31.08,1456
PGC020830,34.78,5032
UGC03820,33.03,2444
UGC03830,30.8,1226
ESO428-028,32.44,2046
PGC021028,33.82,2321
ESO429-001,32.73,1903
ESO208-021,30.64,796
PGC021302,27.53,314
NGC2427,30.07,745
UGC03909,31.85,1069
UGC03921,33.85,2601
ESO560-004,32.87,1979
UGC03955,33.62,4986
PGC021549,36.02,8329
PGC021614,29.51,190
ESO163-014,32.9,2634
UGC03979,34.04,4163
PGC021697,34.58,5245
ESO560-012,33.29,3110
PGC021772,29.83,488
PGC021831,33.88,4678
ESO560-013,33.56,3041
IC2207,34.45,4773
ESO494-007,32.05,1350
UGC04113,34.96,5231
ESO561-003,33.14,3318
ESO209-009,30.5,890
PGC022401,35.21,7343
UGC04148,32.25,726
UGC04195,34.18,4982
ESO494-021,32.82,1376
ESO494-026,29.06,750
UGC04238,31.39,1676
PGC022976,35.63,9458
ESO430-026,32.6,1436
NGC2559,31.01,1340
UGC04306,31.86,2390
PGC023262,32.16,2028
PGC023420,33.74,4066
IC2327,33.57,2538
ESO495-009,31.24,1252
PGC023574,33.92,4526
IC2367,31.91,2247
UGC04395,33.46,2140
PGC023709,34.93,5209
PGC023757,34.46,6371
UGC04413,32.57,2414
ESO431-013,32.9,2612
ESO562-018,34.83,4524
ESO431-016,32.5,2581
PGC024189,34.44,5715
ESO563-002,31.86,1445
NGC2591,31.41,1464
UGC04514,31.13,732
ESO432-002,32.76,2631
ESO496-010,29.67,593
UGC04625,35.64,8322
ESO563-026,33.02,3199
UGC04621,32.64,2269
ESO371-020,32.15,2141
PGC024870,32.93,1800
UGC04655,34.87,6061
PGC024988,35.77,9068
UGC04659,32.84,1784
IC0522,34.18,5126
NGC2722,32.66,2593
UGC04725,33.14,1952
UGC04701,33.05,1544
NGC2731,31.67,2453
ESO564-012,34.53,3346
NGC2750,29.98,2605
PGC025563,34.18,3585
NGC2772,34.43,3214
ESO314-005,34.12,4583
PGC025794,34.47,5040
UGC04800,33.21,2490
PGC025886,32.46,1657
UGC04824,32.66,2219
ESO497-022,32.38,2205
ESO564-032,32.73,2554
ESO126-003,33.53,2699
ESO433-010,32.77,1903
UGC04867,33.56,2490
ESO564-033,34.82,4965
NGC2811,32.58,2163
NGC2821,33.3,2220
AGC249525,26.07,75
IC2461,33.59,2240
PGC026411,34.01,3258
ESO372-016,32.75,2201
UGC04970,33.48,2400
ESO565-001,31.18,638
UGC04945,29.14,788
ESO126-010,32.86,1925
IC2469,31.98,1442
UGC04982,33.13,2726
AGC198606,22.89,-47
NGC2880,31.68,1562
NGC2904,31.84,2119
ESO434-010,32.8,2285
ESO434-011,31.84,2340
PGC027054,34.1,4168
UGC05086,29.36,404
NGC2930,35.13,7305
ESO565-029,32.24,2199
ESO091-016,31.01,1776
ESO373-019,32.86,2586
PGC027810,33.52,2522
ESO373-021,33.49,2426
UGC05209,30.09,502
UGC05218,33.55,2966
ESO434-034,30.88,779
NGC2990,33.17,2943
NGC3001,33.73,2249
UGC05203,32.4,1681
PGC028308,33.17,2514
ESO499-009,32.77,1874
NGC3038,32.97,2566
PGC028380,33.11,2341
PGC028529,27.95,66
UGC05336,27.93,160
ESO435-015,32.39,2200
ESO499-025,32.07,2200
PGC028826,27.91,189
UGC05378,33.76,4024
NGC3094,33.25,2308
UGC05393,32.15,1418
PGC029167,27.83,161
ESO499-037,31.14,744
PGC029194,25.56,150
NGC3113,31.18,870
PGC029231,27.73,-
UGC05428,27.81,-29
NGC3057,31.16,1670
PGC029299,29.1,550
PGC029306,34.47,7088
NGC3124,32.86,3364
NGC3118,32.24,1306
PGC029466,33.86,2656
ESO435-044,33.29,1984
IC2554,31.96,1183
NGC3137,31.09,893
UGC05497,27.85,277
IC2556,32.87,2286
ESO436-001,32.92,2401
IC2560,32.41,2705
ESO213-011,31.4,2519
IC0600,31.91,1151
ESO263-031,32.2,2459
ESO436-014,33.29,3676
NGC3241,33.02,2802
ESO317-023,33.07,2534
NGC3225,33.46,2200
PGC030664,27.71,160
ESO568-012,34.51,5500
PGC030719,35.85,9596
NGC3250C,33.12,2373
NGC3257,32.66,2988
NGC3256B,32.57,2489
PGC031286,27.6,-
NGC3258C,32.58,2346
NGC3270,34.61,6194
ESO263-051,32.2,2445
IC2588,33.46,3308
NGC3258D,31.45,2271
IC2589,32.06,3465
ESO317-046,30.9,745
ESO436-038,34.14,2546
IC2596,29.44,3174
NGC3281D,32.42,2428
ESO436-040,33.23,4222
NGC3285B,33.08,2750
UGC05740,32.05,693
NGC3366,33.11,2666
ESO501-023,29.23,842
ESO501-022,33.75,2695
ESO437-012,33.02,3356
ESO501-041,33.89,3349
ESO501-037,33.02,3470
ESO437-014,32.9,2648
NGC3306,33.2,2845
UGC05765,32.96,1934
ESO437-019,34.08,4160
ESO437-018,34.03,3159
ESO437-022,34.12,4180
ESO501-065,31.29,4208
UGC05791,32.19,889
ESO437-039,32.99,3540
NGC3347C,31.83,2442
ESO501-078,33.53,4238
ESO318-003,33.09,2548
ESO501-079,32.87,999
NGC3347,32.15,2787
ESO376-016,29.2,454
ESO501-082,34.28,4323
ESO318-004,32.74,2720
ESO501-088,34.24,3688
NGC3377A,29.85,481
ESO318-013,29.2,501
UGC05944,30.31,831
NGC3413,31.05,614
NGC3419A,33.38,2988
PGC032548,32.98,2317
ESO569-014,32.13,1867
ESO376-023,34.36,4547
UGC05990,32.05,1557
PGC032667,28.03,230
NGC3449,33.28,3072
NGC3454,31.57,1026
NGC3435,34.53,5255
UGC06083,32.52,862
ESO265-003,31.23,1173
NGC3513,29.45,1008
ESO377-004,33.16,2946
UGC06162,32.53,2261
ESO265-007,29.8,852
ESO438-005,32.09,1302
ESO502-020,31.31,1192
ESO377-021,32.75,2557
NGC3589,31.97,2037
ESO377-031,33.28,2812
UGC06296,31.55,904
ESO377-034,31.88,2410
NGC3611,32.89,1502
UGC06332,34.82,6166
NGC3622,31.57,1412
ESO570-019,32.01,1158
ESO319-016,34.93,2682
UGC06378,31.68,1425
NGC3652,31.86,1998
NGC3663,34.33,4865
NGC3654,32.09,1691
NGC3673,31.39,1751
NGC3683A,32.87,2487
NGC3701,32.98,2764
NGC3752,32.03,2054
NGC3735,32.88,2818
NGC3755,32.68,1579
UGC06586,34.19,3901
PGC035978,34.77,6817
ESO320-014,28.89,454
PGC036132,34.61,6715
IC0718,31.72,1892
PGC036349,34.53,5928
NGC3901,32.57,1828
PGC036643,31.8,1573
PGC036683,34.07,6978
NGC3887,31.3,1049
NGC3905,35.07,5625
UGC06792,31.67,873
ESO320-026,33.42,2597
NGC3930,30.59,938
PGC037153,33.43,6602
UGC06837,35.31,5919
NGC3956,31.72,1490
ESO379-007,28.67,454
ESO572-018,31.59,1438
NGC3981,31.93,1555
ESO320-035,32.39,2804
ESO572-024,32.17,1720
ESO572-030,31.01,1625
UGC06955,31.07,924
NGC4020,30.43,750
ESO572-034,30.11,956
ESO505-003,31.59,1620
UGC07019,31.22,1637
ESO440-044,29.82,2022
ESO505-008,31.28,1699
ESO505-009,32.67,1966
ESO440-046,30.02,1578
IC2996,31.88,2080
NGC4094,31.14,1293
IC2995,31.12,1674
ESO379-027,33.07,2673
IC3005,31.93,1546
ESO441-007,31.79,2042
IC3015,31.94,1855
ESO441-011,32.31,1962
ESO441-012,32.37,2002
ESO505-023,32.28,1508
PGC038685,28.43,358
NGC4141,32.87,1993
IC3021,33.76,2470
ESO441-014,33.4,1989
IC0764,31.76,1961
IC3033,31.27,205
IC3036,30.36,-70
ESO321-014,27.59,425
UGC07239,32.57,1146
ESO380-001,31.31,2508
UGC07257,30.47,958
PGC039145,27.36,-
ESO321-016,32.07,2994
ESO380-006,32.27,2763
NGC4219,31.6,1797
UGC07301,32.12,761
ESO380-008,31.02,1926
UGC07356,29.31,328
ESO321-025,30.97,1964
NGC4356,31.01,1024
NGC4373,32.99,3239
NGC4384,31.22,2584
NGC4373A,32.84,2754
ESO322-009,31.84,3366
IC3341,30.33,366
ESO380-034,32.3,2872
UGC07599,28.37,322
ESO322-017,32.59,3220
UGC07605,28.34,334
PGC041093,29.65,456
NGC4462,32.43,1645
NGC4504,31.22,885
PGC041725,31.39,1185
NGC4520,35.29,7524
NGC4562,30.22,1347
PGC041965,30.88,875
PGC041978,33.26,9128
UGC07774,32.11,574
ESO442-013,31.96,1354
NGC4574,32.93,2783
ESO322-038,32.46,2946
ESO322-040,33.37,3172
NGC4593,33.35,2364
NGC4602,32.65,2437
NGC4603,32.81,2412
NGC4619,34.95,6952
IC0807,35.06,10822
NGC4616,32.96,4429
NGC4645,32.36,2434
ESO381-014,33.18,3135
ESO381-018,28.68,452
UGC07934,35.94,9698
PGC043020,31.13,1374
NGC4675,34.51,4875
UGC07949,27.39,368
NGC4680,32.91,2327
NGC4693,32.42,1809
NGC4696D,32.76,2464
PGC043280,33.01,2680
PGC043301,32.3,2142
PGC043319,34.3,3751
PGC043345,29.39,1198
PGC043340,33.51,2961
NGC4700,29.09,1294
UGC07978,35.09,8095
ESO322-101,32.16,1781
PGC043379,32.67,2705
NGC4708,34.03,4010
PGC043412,32.82,2705
NGC4709,33.16,4498
PGC043458,32.4,2280
ESO268-046,31.85,2120
NGC4749,32.56,1883
PGC043679,32.08,2150
PGC043690,33.08,2449
NGC4767A,33.28,2741
ESO323-034,32.67,4143
ESO507-041,32.58,3026
ESO507-042,33.17,3080
PGC043840,35.07,7966
NGC4767,32.58,2889
NGC4786,34.11,4529
ESO443-009,28.88,493
PGC043970,32.39,2358
NGC4802,30.29,918
ESO219-010,28.34,-
IC3913,34.15,7517
IC3908,31.41,1198
NGC4818,30.18,964
IC3917,35.77,6649
PGC044278,31.85,1165
PGC044268,35.02,7461
NGC4842,34.94,7322
PGC044358,31.69,1378
PGC044351,34.81,6065
PGC044367,34.65,7243
PGC044390,35.24,7140
IC3943,34.91,6819
NGC4854,35.7,8396
PGC044506,31.34,1508
IC3959,35.23,7043
PGC044560,36.2,7823
PGC044581,33.78,6496
PGC044592,33.81,8013
PGC044616,34.68,6932
PGC044681,29.31,699
IC3998,34.73,9434
ESO443-021,33.34,2661
PGC044662,34.65,8105
ESO269-028,33.64,3102
PGC044704,35.08,6192
IC4011,34.88,7283
PGC044740,34.98,6152
ESO381-041,31.91,2409
PGC044763,35.09,7018
NGC4906,35.09,7514
PGC044792,34.85,7659
PGC044809,35.23,8437
PGC044805,34.39,7933
PGC044821,34.6,8581
NGC4897,33.37,2445
IC4062,35.38,10902
PGC044848,34.42,7654
PGC044897,35.25,7658
ESO507-067,32.66,2911
PGC044928,34.85,5817
PGC044929,35.57,7564
PGC044982,28.8,627
ESO219-021,30.88,1195
PGC044975,34.95,7592
IC4111,33.22,7776
ESO269-037,27.49,568
NGC4930,30.58,2420
NGC4939,32.82,3009
PGC045190,33.69,5522
NGC4948,30.01,1234
NGC4947,31.96,2246
PGC045370,30.47,891
ESO508-007,32.16,2848
ESO508-011,32.19,2476
ESO575-061,32.52,1517
NGC4981,31.65,1588
ESO323-085,30.43,2958
ESO269-052,33.8,3040
NGC4980,31.16,1284
PGC045650,32.21,2456
ESO508-019,32.99,2826
ESO269-057,33.21,2933
ESO576-001,34.48,2756
ESO269-058,27.87,227
NGC5002,30.42,1111
ESO576-003,32.39,2834
NGC5004A,34.2,7289
ESO576-005,34.12,2634
NGC5011A,32.51,3003
UGC08294,34.48,6133
ESO269-066,27.87,615
ESO269-068,27.87,480
ESO443-083,31.53,2227
UGC08308,28.13,242
PGC045981,36.08,7135
ESO443-085,31.42,2251
NGC5042,30.66,1259
NGC5051,34.51,4278
ESO508-034,31.95,1777
IC4216,32.75,2745
ESO382-031,31.38,1715
ESO576-026,31.63,1825
UGC08365,31.14,1318
NGC5068,28.56,550
ESO382-041,32.28,1601
ESO576-032,30.39,1497
ESO269-085,31.48,2698
ESO382-045,30.69,1304
ESO508-051,32.66,1999
ESO576-040,32.33,1963
NGC5090,32.88,2782
NGC5104,34.31,5500
NGC5107,31.42,1004
PGC046663,27.99,575
NGC5105,32.66,2805
PGC046680,27.92,-
PGC046710,34.53,6746
IC4232,35.44,9352
ESO508-067,35.17,7429
IC4239,37.11,14567
PGC046885,28.39,346
NGC5145,33.62,1300
ESO508-075,35.44,9813
NGC5121A,31.22,1283
IC4247,28.57,282
ESO382-067,32.93,2325
ESO444-037,32.61,1760
ESO324-023,30.77,1288
NGC5152,34.61,3766
IC4263,33.11,2801
NGC5161,31.63,2246
ESO383-005,33.54,3465
PGC047514,34.15,4122
NGC5188,31.8,2271
NGC5206,27.53,418
NGC5238,28.27,330
ESO270-017,29.21,668
ESO444-078,28.67,441
NGC5219,32.03,2382
ESO324-044,32.5,2384
UGC08642,32.6,2515
NGC5254,32.26,2232
UGC08651,27.47,276
IC4316,28.19,451
UGC08658,32.66,2127
NGC5264,28.24,349
PGC048515,27.83,-
UGC08693,33.08,2499
NGC5301,31.6,1598
UGC08737,32.86,1924
UGC08733,32.4,2422
ESO383-087,27.52,191
NGC5304,34.01,3650
NGC5320,32.8,2692
ESO383-091,30.74,939
PGC049153,35.7,8562
ESO384-002,30.73,1258
ESO445-066,34.96,7134
UGC08833,27.55,292
ESO384-015,32.85,3417
NGC5365A,32.53,2612
ESO384-016,28.26,373
UGC08882,29.69,465
ESO510-026,31.75,2256
IC4351,32.41,2555
ESO445-085,34.39,4162
ESO221-022,32.67,2757
NGC5425,32.55,2179
NGC5443,32.51,1919
NGC5440,33.67,3761
UGC08988,32.63,2213
ESO384-043,34.48,4284
UGC09024,32.06,2355
NGC5468,33.4,2793
NGC5464,32.13,2575
ESO325-055,34.05,3897
PGC050620,32.09,4882
NGC5494,33.39,2504
IC4386,31.54,1736
PGC050911,29.74,454
IC4390,31.52,1981
PGC051017,30.7,713
UGC09169,30.96,1278
NGC5569,31.2,1768
NGC5556,31.1,1278
NGC5577,31.42,1476
PGC051291,32.68,2702
IC4402,31.17,1512
IC4407,33.37,2679
PGC051473,36.18,11190
PGC051523,30.79,1665
NGC5671,35.21,9138
PGC051659,27.79,255
UGC09291,32.92,2981
UGC09303,34.63,4360
ESO385-031,32.84,3000
NGC5653,33.22,3639
ESO385-033,32.12,2937
ESO385-032,32.85,2722
NGC5645,30.87,1371
UGC09345,34.1,2304
NGC5661,33.21,2357
UGC09380,31.68,1682
UGC09405,28.82,355
NGC5708,32.41,2816
UGC09448,33.13,2324
NGC5688,32.63,2666
IC4472,32.33,2740
NGC5730,32.2,2636
PGC052460,32.44,1848
ESO386-016,35.54,7177
ESO580-022,31.69,2159
IC1055,33.17,2861
ESO580-029,32.66,2527
NGC5756,31.92,2094
PGC052853,32.83,1998
PGC052882,35.19,12575
ESO580-041,32.33,2888
NGC5777,33.16,2294
PGC053093,33.19,2541
PGC053134,30.9,1940
NGC5770,31.37,1488
ESO273-014,28.21,926
NGC5786,32.02,2867
ESO327-039,31.82,2806
UGC09640,35.74,10072
PGC053634,33.01,2887
ESO223-009,29,462
UGC09660,30.16,724
PGC053764,32.99,2414
PGC053779,31.59,1840
PGC053796,33.38,2894
UGC09749,19.29,-92
ESO581-025,32.05,2222
NGC5878,32.25,1961
ESO274-001,27.23,407
PGC054411,31.53,1323
UGC09798,35.81,11336
ESO514-007,32.33,2243
PGC054774,38.89,18239
PGC054817,32.61,1932
ESO514-014,34.28,3636
ESO514-022,34.14,4388
NGC5984,31.44,1166
IC4582,32.86,2256
NGC6000,32.65,2141
ESO515-010,34.39,5694
PGC056286,36.21,11091
UGC10095,32.47,2022
PGC056443,35.82,9716
ESO583-008,35.65,7377
PGC057064,36.37,10358
ESO451-008,34.58,4635
IC1197,31.77,1435
UGC05456,30.14,426
ESO136-024,33.53,4385
ESO584-007,35.65,9493
UGC10288,32.66,2096
UGC10297,32.83,2412
ESO137-007,33.19,4839
ESO137-010,33.64,3283
IC4596,35.83,7606
NGC6106,31.89,1527
ESO137-018,28.84,484
NGC6172,34.64,5074
UGC10483,36.2,12384
ESO517-013,35.76,8275
PGC058798,31.64,1620
PGC059076,35.41,9001
UGC05642,33.1,2222
UGC10743,33.05,2680
PGC059808,35.05,8275
NGC3279,32.47,1285
IC4660,30.04,1433
NGC6365,35.27,8216
ESO138-024,31.96,2761
UGC10852,32.56,2907
NGC6372,33.07,4913
UGC10874,35.53,6968
PGC060376,35.42,8883
NGC3332,34.54,5723
PGC060771,36.24,1992
UGC10985,31.07,1949
NGC6467,33.26,3195
NGC6484,33.61,3284
UGC11030,32.22,1875
UGC11041,34.23,5048
UGC11050,34.27,5050
ESO139-046,32.1,2721
UGC11074,32.05,2028
ESO139-049,32.28,2657
PGC061289,34.03,4825
PGC061353,32.19,1932
NGC6548,31.79,2357
UGC05897,32.75,2611
ESO140-006,31.84,2281
NGC6585,32.48,3032
UGC11182,34,4495
IC4694,32.46,2689
PGC061658,30.55,3146
UGC11188,33.7,5454
UGC11194,34.02,4916
ESO182-010,31.68,3478
NGC6627,34.33,5434
UGC11255,35.38,9937
UGC11254,33.79,5182
UGC11295,33.08,2566
UGC11275,35.23,5655
IC4721,31.48,2157
UGC11301,34.3,4675
UGC11334,35.01,4773
UGC11317,34.96,6777
UGC11344,33.83,4025
NGC6673,30.16,1060
UGC11350,34.13,4887
IC4758,33.9,4387
UGC11371,33.43,3945
ESO396-007,34.34,5862
UGC11380,32.19,3090
UGC11385,33.15,3300
IC4810,32.71,3116
UGC11394,34.06,4432
IC4819,31.55,1764
UGC11404,32.88,4114
IC4821,31.99,2638
ESO282-018,33.97,5584
IC4837A,33.56,2790
NGC6796,32.86,2410
UGC11433,33.58,4654
ESO525-004,34.61,6147
NGC6788,33.18,3110
UGC11459,33.38,3347
PGC063540,34.47,6094
PGC063556,29.65,1628
ESO460-031,34.59,5852
ESO398-029,34.44,5686
ESO594-017,31.32,1826
ESO461-006,34.44,5986
IC4901,31.26,2068
PGC063832,34.07,4987
ESO339-008,34.17,5684
PGC063925,36.33,12078
IC4919,33.78,4210
UGC11515,30.35,3475
PGC064373,34.89,5698
NGC6887,32.39,2660
ESO340-009,32.29,2594
UGC11537,34.33,5560
NGC6911,32.45,2704
ESO340-017,32.98,2627
PGC064534,34.4,5778
UGC11545,31.2,3179
NGC6901,34.32,4959
NGC6906,34.08,5027
NGC6902,32.33,2786
UGC11552,34.42,4709
ESO400-025,32.5,2210
PGC064812,33.85,5731
ESO340-038,33.7,5536
NGC6923,32.55,2876
UGC11584,34.75,5511
ESO234-043,31.4,2415
NGC6949,32.35,2984
ESO340-042,31.63,2664
UGC11595,33.64,4175
UGC11603,33.89,5423
UGC11599,33.97,4635
PGC065131,33.2,4039
UGC11613,32.79,2893
PGC065211,32.87,3087
IC5039,31.67,2757
ESO234-069,33.96,4340
UGC11647,35.29,8203
NGC6986,35.35,8633
UGC11656,34.04,4766
ESO342-013,31.35,2657
UGC11706,34.61,4931
NGC7041,32.03,1920
UGC11719,35.97,8743
NGC7049,32.36,2235
PGC066548,30.96,1155
UGC11725,35.34,6433
PGC066592,33.63,4226
IC5104,34.06,5163
ESO287-009,32.6,2669
IC5105B,31.73,2254
PGC066738,33.37,3076
NGC7059,31.55,1653
ESO342-050,32.06,2671
NGC7064,30.19,764
UGC11758,35.08,8805
NGC7091,31.19,2589
NGC7090,29.89,799
ESO287-043,32.13,2471
UGC11780,36.54,15422
ESO403-017,31.82,2729
ESO403-024,31.86,2635
UGC11818,31.78,2613
NGC7131,34.39,5527
UGC11833,35.08,5462
NGC7140,32.14,2922
UGC11838,33.59,3692
UGC11839,34.95,6164
IC5145,35.35,7563
ESO404-012,32.9,2672
UGC11862,34.46,6064
NGC7162A,31.5,2262
ESO404-017,33.15,2536
NGC7168,32.7,2803
NGC7180,31.24,1519
NGC7185,31.49,1868
IC5156,32.85,2783
NGC7188,30.83,1841
UGC11893,35.44,5786
UGC11895,34.02,4938
NGC7179,33.24,2886
UGC11918,33.95,4301
NGC7205,31.14,1621
ESO601-025,31.53,1814
IC5171,32.45,2811
UGC11941,35.3,7063
ESO288-049,30.81,1948
UGC11946,34.77,5758
IC1441,34.51,5356
UGC11967,34.04,5248
ESO289-010,32.72,2744
ESO237-052,32.43,2859
UGC11977,36.42,11503
PGC068560,35.52,8455
IC5201,29.99,892
ESO238-005,29.52,673
ESO027-008,32.36,2350
UGC12010,32.27,2970
ESO289-026,31.61,2415
PGC068872,35.08,7752
ESO533-028,32.63,2620
UGC12069,31.94,2565
UGC12071,36.09,10607
NGC7302,31.86,2767
PGC069160,36.22,10506
NGC7307,31.67,2076
UGC12141,32.89,2283
UGC12135,33.36,4213
PGC069404,31.21,3039
PGC069448,32.37,3101
UGC12133,35.32,7587
ESO468-020,26.75,124
ESO289-048,32.49,2817
UGC12160,32.04,1756
PGC069519,24.82,99
UGC12165,34.36,6740
PGC069691,32.92,2689
NGC7378,32.1,2666
UGC12204,35.14,6940
NGC7400,32.77,2974
NGC7410,33.02,1735
UGC12249,35.26,7750
ESO346-014,33.31,2690
NGC7416,32.57,2976
IC5269A,32.84,2879
NGC7412A,27.08,911
ESO603-031,32.75,2342
IC5271,31.8,1733
IC5273,30.8,1294
UGC12321,33.69,2331
ESO406-042,31.35,1376
UGC12320,34.73,6825
NGC7462,29.92,1049
ESO469-008,33.12,1793
IC1468,36.05,9735
UGC12355,34.83,7910
UGC12388,34.07,4749
ESO469-015,32.14,1659
ESO407-007,32.24,1633
NGC7496,29.34,1626
UGC12410,35.3,7284
NGC7513,31.01,1596
UGC12458,35.52,7053
ESO291-011,36.34,12951
ESO407-014,32.68,2749
NGC7582,31.41,1560
UGC12504,33.58,2635
NGC7599,31.83,1659
UGC12519,33.4,4545
PGC071171,32.74,4146
UGC12538,33.44,5102
PGC071197,32.92,3747
PGC071201,32.24,3674
NGC7640,29.65,579
ESO291-024,31.76,1662
ESO407-018,26.74,74
ESO240-004,31.57,1518
PGC071529,33.04,3670
IC5328,32.87,3101
NGC7690,31.65,1442
NGC7694,30.75,2381
NGC7689,31.93,1900
PGC071754,33.43,4986
UGC12693,34.21,5148
ESO347-029,32.41,1553
ESO408-012,33.58,2974
NGC7723,32,1938
PGC072006,32.44,2149
ESO292-014,32.01,1451
PGC072169,35.06,7612
PGC072252,31.74,2207
UGC12769,32.82,2193
ESO149-001,31.6,1818
NGC7755,32.38,2971
NGC7757,31,3082
UGC12814,34.77,5996
PGC072633,35.48,10132
NGC7761,35.12,7258
ESO471-027,35.35,8838
ESO149-003,29.23,506
PGC072734,35.14,5942
ESO538-013,35.96,10254
PGC073123,35.42,7746
NGC7796,33.47,3260
PGC073507,36.05,13297
PGC074050,34.26,4894
PGC074605,31.82,-
PGC074617,31.37,1389
PGC074714,31.3,1374
PGC074752,31.31,1907
PGC077827,34.38,2981
PGC079913,34.79,6483
PGC083664,35.16,6891
PGC083665,33.85,8122
PGC083667,34.13,6933
PGC083715,34.23,6988
PGC083719,34.87,5919
PGC083725,33.37,7644
PGC083740,33.47,8260
PGC083742,34.16,7883
PGC086068,32.11,1894
PGC086266,33.85,4703
PGC086269,33.31,3398
PGC086290,33.47,3728
PGC086669,29.83,640
PGC088608,19.71,74
PGC089942,32.1,3316
PGC090392,32.21,4308
PGC090402,31.68,2734
PGC090453,34.36,5134
PGC090548,35.18,6210
PGC090564,34.62,5861
PGC090591,36.06,11844
PGC090592,35.03,7794
PGC090595,35.98,6002
PGC090653,34.4,6858
PGC090695,34.68,6394
PGC090694,31.87,1615
PGC090717,35.92,10010
PGC090751,34.96,4406
PGC090766,35.05,5430
PGC090771,34.53,6538
PGC090775,35.21,7286
PGC090776,34.23,3251
PGC090778,36.05,9577
PGC090784,36.49,8580
PGC090783,34.9,6430
PGC090811,34.56,4137
PGC090817,35.14,5588
PGC090844,33.66,4618
PGC090927,34.78,4418
PGC090941,32.97,2163
PGC091580,36.62,10735
PGC091586,34.9,6430
PGC091594,35.48,9192
PGC091630,34,5485
PGC091643,34.83,5106
PGC091656,32.67,3978
PGC091731,34.78,7412
PGC091742,33.74,2805
PGC091747,34.86,6782
PGC091755,31.17,1753
PGC091777,34.33,5285
PGC091814,34.13,7350
PGC092378,34.34,5758
PGC093038,37,11435
PGC095597,27.66,158
PGC097023,32.27,5599
PGC097032,33.08,4560
PGC097067,32.94,4473
PGC097081,33.11,5524
PGC097109,30.64,6056
PGC097136,33.77,3395
PGC097187,34.9,5100
PGC097243,32.51,2979
PGC100169,26.15,208
PGC100768,33.45,4341
PGC132177,37.49,19080
PGC138836,28.7,340
PGC142820,34.2,5014
PGC155511,34.49,3673
PGC165356,32.55,3316
PGC165788,34.3,5290
PGC166062,29.24,543
PGC166064,28.74,323
PGC166073,28.12,-
PGC166082,27.79,98
PGC166077,27.56,81
PGC166095,29.82,429
PGC166096,29.83,-
PGC166101,27.9,-
PGC166115,28.3,248
PGC166142,28.18,352
PGC166146,28.21,-
PGC166152,28.85,449
PGC166158,28.14,-
PGC166167,27.88,-
PGC166170,28.49,259
PGC166172,27.87,-
PGC166175,28.17,-
PGC166176,28.47,-
PGC166179,27.91,-
PGC166192,28.63,359
PGC166472,34.03,4441
PGC166559,34.37,4602
PGC166628,29.68,6048
PGC166755,32.49,2652
PGC166758,33.86,4566
PGC166785,34.09,4843
PGC200171,37.62,23832
PGC212843,36.06,11410
PGC213672,35.96,9105
PGC214810,34.96,7952
PGC340526,36.65,15080
PGC471591,37.29,18221
PGC575633,33.75,3129
PGC576005,32.66,4486
PGC576636,33.37,4564
PGC577429,33.56,1783
PGC626659,29.4,606
PGC648636,36.97,14506
PGC662260,37.52,20472
PGC679349,36.8,15001
PGC090540,33.03,2278
PGC065022,35.02,5934
PGC028731,27.82,322
CETUS3,22,-
VIRGO1,19.76,-
IC2098,33.12,2731
PGC214719,37.49,22682
UGC00525,32.88,5085
UGC00714,33.6,4786
IC0066,34.56,4991
UGC01200,30.69,899
UGC01470,34.32,5288
NGC0812,33.74,5308
UGC01958,31.96,1113
UGC02081,33.03,2628
UGC02201,33.98,4231
UGC02540,35.1,4025
NGC1260,34.17,5855
UGC02637,33.38,5218
UGC02650,35.62,8462
UGC02708,34.44,5429
UGC02956,33.78,4593
UGC03092,34.28,4932
UGC03110,33.73,4632
UGC03172,34.17,4686
UGC03147,32.91,3024
NGC1819,33.9,4398
NGC2146A,31.7,1638
UGC03375,33.48,5857
UGC03922,35.7,8846
UGC03919,33.86,4958
UGC03776,33.21,3860
UGC04169,32.54,1681
NGC2706,33.53,1468
UGC04601,32.44,1918
NGC2756,33.51,4025
NGC2938,33.09,2416
UGC05234,34.98,5916
UGC05524,32.07,1570
IC0610,32.33,1101
NGC3246,32.75,2014
UGC05689,33.35,2951
NGC3287,30.73,1218
NGC3252,31.53,1274
UGC05844,32.21,1429
UGC05958,31.85,1144
NGC3692,33.03,1617
UGC06610,32.58,1861
NGC3795,31.94,1294
UGC06609,35.34,7662
UGC06757,28.32,178
UGC06802,32.36,1317
UGC07129,29.75,963
UGC07242,28.68,180
NGC4256,33.02,2646
IC3247,31.81,575
NGC4359,31.49,1260
NGC4386,32.14,1791
NGC4331,31.59,1712
NGC4393,30.31,743
NGC4411B,32.14,1205
NGC4411,30.79,1213
NGC4441,31.38,2779
NGC4495,34.25,4569
UGC07908,31.14,1808
NGC4704,35.21,8200
UGC08025,35.05,6332
UGC08052,32.32,1686
NGC4919,34.63,7314
NGC4979,33.5,6331
UGC08215,28.29,297
UGC08318,32.96,2372
UGC08399,35.39,7280
NGC5109,31.8,2246
PGC046604,36.46,15941
UGC08472,35.22,6554
UGC08684,31.93,2327
UGC08760,27.58,262
NGC5526,32.13,2182
UGC09482,32.97,1794
NGC5900,33.65,2620
NGC5950,32.44,2745
UGC10058,34.21,2256
UGC10194,32.42,1044
UGC10704,37.05,19504
UGC10780,35,6851
UGC11149,36.89,16462
UGC11377,34.95,7664
UGC11422,32.58,4877
UGC11677,34.41,5160
UGC11768,35.32,6810
UGC11799,34.45,5570
UGC12344,32.16,1809
NGC7461,33.8,4411
UGC12501,33.8,3966
UGC12494,33.33,4340
UGC12497,32.47,3911
UGC00052,34.22,5386
UGC12792,35.58,11693
UGC00320,33.08,2472
UGC00575,34.1,4813
UGC00679,33.7,5225
UGC00669,33.2,6007
NGC0382,34.25,5375
NGC0495,34.2,4250
NGC0494,34.09,5591
UGC00987,33.77,4798
UGC01066,34.34,5210
IC1711,33.23,2908
IC0126,34.31,5948
NGC0783,33.94,5315
UGC01581,33.89,4542
UGC01666,36.31,13416
NGC0841,33.74,4669
UGC01998,34.14,6352
UGC01988,33.94,5903
NGC0976,33.39,4373
UGC02035,34.07,5208
UGC02159,33.49,5288
UGC02345,30.74,1512
UGC02384,35.67,9884
UGC02463,32.9,2010
IC0284,31.93,2833
IC0304,34.39,5049
UGC02684,29.07,386
NGC2258,33.87,4190
UGC03500,33.32,4545
UGC03576,34.78,6009
UGC03584,33.82,4397
UGC03595,35.32,7973
UGC03725,34.68,6212
UGC03789,33.48,3385
UGC03845,33.54,3061
UGC04032,35.44,8075
UGC04381,33.65,4462
UGC04414,35.4,7459
UGC04455,35.63,9116
UGC04468,34.51,7407
UGC04446,34.67,5930
UGC04922,32.77,2017
UGC05050,31.87,2313
UGC05574,31.69,1396
NGC3155,33.43,3070
UGC05691,36.99,16249
UGC05672,28.98,473
NGC3380,29.22,1558
NGC3547,31.39,1486
UGC06211,36.97,17384
UGC06271,32.5,1978
UGC06509,33.1,2848
UGC06534,31.09,1357
UGC06583,34.77,6173
UGC06575,32.69,1296
NGC3794,31.58,1461
UGC06780,33.05,1599
NGC3850,31.56,1233
NGC3873,34.42,5333
UGC06774,33.82,2502
NGC3978,35.98,10046
NGC3990,30.04,767
NGC4067,33.14,2343
UGC06992,30.95,808
NGC4059,35.27,7131
NGC4173,30.66,1121
UGC08162,35.11,7167
UGC08261,33.23,898
UGC08246,31.62,848
UGC08795,32.91,2373
NGC5338,30.52,784
UGC08799,30.28,1022
NGC5346,32.84,2581
NGC5364,30.97,1215
NGC5452,32.6,2226
UGC08899,33.45,2879
UGC08995,31.71,1228
NGC5582,32.25,1528
UGC09437,36.92,14451
UGC09391,33,2047
UGC09657,32.72,2673
UGC09665,32.74,2689
UGC10261,37.43,19156
NGC6168,32.45,2642
NGC6261,36.11,10698
NGC6323,35.15,7985
UGC10854,33.47,3014
UGC10858,34.74,5638
UGC10887,32.82,2027
UGC11021,34.61,5367
UGC11060,34.12,4843
UGC11064,35.05,7222
UGC11260,35.2,6385
UGC11328,34.82,5862
NGC6662,34.77,5515
NGC6801,33.23,4586
UGC11961,34.29,4384
PGC070107,32.62,5920
UGC12252,35.31,7318
UGC12281,32.65,2738
UGC12307,33.54,2976
UGC12451,32.78,3779
NGC7634,33.58,3248
UGC12561,33.47,3893
UGC12562,33.07,3993
UGC12650,33.99,5271
UGC12692,32.79,2350
IC2513,32.7,2650
PGC029086,30.86,495
ESO428-009,32.82,2029
PGC017395,32.33,2590
PGC085610,35.28,8188
PGC086285,33.2,2790
PGC085551,35.84,8929
ESO410-005,26.44,29
PGC002590,24.18,-151
UGC00501,34.25,5242
UGC01162,36.18,11258
UGC01650,34.41,4717
UGC01319,33.78,5448
UGC02194,33.76,5600
UGC02801,34.54,6106
PGC013146,31.46,1935
NGC1380B,31.52,1628
NGC1533,31.43,622
PGC016850,31.82,1843
ESO119-016,32.5,784
UGC03423,33.99,4417
ESO308-022,29.86,611
ESO491-015,32.8,2477
UGC03763,35.53,7143
NGC2525,30.93,1398
NGC2921,33.48,2759
PGC028759,27.92,207
NGC3056,30.88,758
ESO437-067,29,2978
NGC4037,30.7,864
NGC4152,32.65,2112
IC3074,32.75,1913
NGC4197,31.99,1997
PGC039159,29.83,2027
NGC4205,30.94,1549
NGC4255,32.29,1893
IC3148,31.91,2406
NGC4273,32.23,2297
NGC4260,32.8,1709
NGC4287,32.28,2060
NGC4309,32.13,969
PGC040115,31.86,1030
IC3258,30.54,-486
NGC4377,31.22,1311
NGC4391,31.88,1436
NGC4390,32.09,1036
UGC07512,30.37,1417
PGC040636,31.2,2429
NGC4445,31.28,285
UGC07557,30.98,861
UGC07580,31,538
PGC041156,31.12,391
IC3517,30.99,380
NGC4528,30.97,1315
IC3490,31.09,189
PGC041994,33.13,711
IC3576,31.11,1005
PGC042046,30.98,1360
IC3602,31.21,1216
NGC4608,31.53,1787
PGC042884,31.07,848
NGC4758,30.65,1212
UGC08114,32.14,1965
IC3957,35.38,6374
NGC4842:,35.42,7246
IC4213,31.52,860
NGC5016,33.33,2617
NGC5193,33.23,3567
NGC5348,31.01,1425
UGC09401,35.21,5679
UGC09279,33.99,4162
IC4536,31.7,2239
UGC10014,32.95,1193
NGC6750,33.02,3904
UGC11816,34.26,4900
PGC069284,35.13,7285
NGC7259,31.52,1761
PGC083454,35.95,11328
PGC091621,34.46,6708
PGC091661,35.04,5805
PGC093031,33.39,3622
PGC166163,28.59,428
PGC166193,28.64,357
PGC343503,35.89,10346
PGC643983,36.22,15987
PGC906205,34.2,4593
PGC1210567,33.55,6058
PGC2798871,33.02,-
PGC2802594,24.42,-
PGC3097113,28.79,374
PGC3111932,38.78,46670
SDSSJ085112.11+275248.1,29.64,345
[CKT2009]D0959+68,28.13,-80
SDSSJ215546.40+003536.7,40.09,79038
SDSSJ215440.79+002448.4,39.48,66181
SDSSJ223031.48-003009.6,39.79,84492
SDSSJ230102.97-001226.5,40.32,91617
SDSSJ232021.45-002059.2,40.59,105029
SDSSJ122852.81-000540.1,42.51,185778
[GC96]J082443.49-002106.2,41.36,113765
SDSSJ010208.65-005246.8,39.22,57450
PICTORIS1,20.4,-
ANTLIAB,25.56,164
IC0755,31.27,1469
NGC4045,32.56,1867
[SBS2017]D1005+68,28,-
ESO383-032,35.09,7067
IC1151,33.44,2265
PGC000465,36.19,11677
PGC002964,33.2,5127
ESO466-036,33.76,2418
IC5270,31.96,1932
NGC0522,32.95,2822
IC5269,32.02,2034
ESO320-004,31.54,2645
ESO440-004,32.65,1660
NGC5054,30.86,1630
PGC046261,33.1,2529
IC0101,32.72,2486
NGC4701,31.16,650
NGC1051,31.65,1286
NGC1331,31.8,1127
NGC1827,30.2,865
NGC3936,31.4,1840
ESO504-024,31.84,1717
ESO440-011,28.44,1757
NGC4630,30.99,662
NGC4600,29.83,758
ESO404-018,32.42,2304
NGC7418,31.1,1451
IC5269B,31.59,1671
NGC7418A,32.71,2109
UGC06891,34.62,6708
UGC07016,35.28,7221
UGC07133,34.03,2533
UGC07890,35.01,7518
PANDAS48,24.57,-96
UGC07639,29.42,446
NGC3769,31.06,768
UGC06773,30.78,982
UGC06399,31.54,848
NGC3726,30.64,907
NGC3877,30.84,952
NGC3893,31.3,1016
NGC3949,31.34,853
UGC06894,31.34,928
NGC3972,31.51,933
UGC06917,31.48,975
NGC3985,31.05,1039
NGC4013,31.37,877
NGC4010,31.26,958
IC0750,32.75,740
UGC06983,31.64,1152
NGC4085,31.41,849
UGC07089,30.34,814
UGC07094,30.15,812
NGC4102,31.31,920
NGC4157,31.11,845
NGC4183,31.11,966
NGC4217,31.34,1063
UGC12054,32.83,2232
NGC2713,34.38,3752
NGC3592,31.56,1228
UGC05129,33.81,3990
ESO471-006,28.2,275
IC1574,28.46,375
NGC0059,28.45,396
NGC3443,32.12,1032
NGC0247,27.85,172
FORNAX_UFD1,31.37,-
PGC138451,29.47,478
UGC11411,29.09,296
LEOT,23.09,-58
NGC7407,34.95,6634
UGC12807,36.48,12533
PGC091787,34.53,5416
UGC05347,33.02,2001
UGC12707,32.7,2770
UGC04565,34.73,3931
UGC00536,34.48,5012
NGC0489,33.28,2606
PGC166063,29.69,486
PGC090795,35.65,6808
PGC090800,36.77,13625
PGC086633,34.99,3695
NGC3951,34.53,6422
NGC4544,31.05,1076
PGC083663,35.84,6635
NGC5117,32.64,2418
NGC5240,33.15,2287
NGC7290,33.08,3087
PGC085512,35.79,8220
UGC00040,35.02,7688
UGC00132,31.56,1815
UGC04060,34.19,4570
UGC04559,33.22,2027
UGC05020,32.53,1591
PGC036779,35.36,6108
PGC043164,33.02,6624
UGC08161,34.88,6663
PGC051854,37.21,12185
PGC070927,33.48,3732
UGC02364,34.61,5451
UGC01500,32.4,2524
NGC7562A,33.02,3652
PGC090815,34.12,2426
IC2219,34.12,5166
IC0842,34.99,7291
NGC5032,35.63,6418
NGC5806,31.58,1358
PGC2802582,24.35,-194
PGC3084796,23.98,-67
UGC00549,34.29,6223
UGC02982,33.35,5276
UGC03070,32.29,2449
UGC03420,34.44,5244
PGC019975,32.83,3371
UGC04054,32.16,2054
UGC04777,32.53,2006
NGC6462,36.17,11715
UGC06879,32.53,2272
NGC6695,35.28,5703
PGC3097693,31.39,1787
NGC3912,31.49,1765
NGC7347,32.43,2407
ESO215-009,28.69,379
PGC2815820,27.33,-
PGC2815822,27.93,-
PGC2815823,27.95,-
NGC5938,32.12,3361
PGC2793261,33.6,4637
PGC2793266,34.37,5429
PGC2793272,34.13,4225
PGC2793273,34.02,5405
PGC2793294,34.6,5720
PGC2793297,33.45,4560
PGC2793300,34.61,4468
PGC2793302,33.28,5717
PGC2793304,34.35,5175
PGC2793305,35.19,4930
PGC2793306,33.61,3942
PGC2793309,34.97,5229
PGC2793310,34.03,6133
PGC2793313,34,4724
PGC2793323,34.63,4704
PGC2793324,34.74,6134
PGC2793326,34.21,5307
PGC2793329,34.17,3370
PGC2793332,33.93,5429
PGC2793338,33.96,4804
PGC2793347,34.61,3943
PGC2793348,33.91,6133
PGC2793352,33.4,4475
PGC3077814,34.04,5270
PGC3078024,34.51,3908
PGC3080012,34.17,4940
ESO409-015,29.7,749
ESO540-031,27.62,309
PGC016389,29.21,488
PGC018431,29.92,582
ESO490-017,29.01,309
UGC03600,30.06,408
UGC03755,29.43,207
ESO059-001,28.33,316
PGC043072,29.92,1085
IC4870,29.65,780
ESO461-036,29.22,470
PGC166065,28.52,280
PGC166159,29.59,-
PGC592761,28.49,341
PGC677373,28.24,453
PGC683190,28.74,509
PGC2806961,29.91,228
[CKT2009]D1028+70,27.92,44
ESO553-046,29.13,392
ANDROMEDA28,24.45,-120
ANDROMEDA29,24.59,-13
PGC002666,24.32,-204
PGC002121,24.34,-171
[RC2]A0113+33,24.02,-43
ANDROMEDA15,24.47,-164
ESO361-019,30.24,2155
PGC003184,34.7,6948
UGC02915,34.48,5360
UGC05349,32.17,1362
IC3101,31.23,1368
PGC066242,32.62,2374
NGC1744,29.95,594
ESO488-060,32.03,1623
ESO359-003,30.7,1449
UGC06679,34.36,5193
PGC023146,34.07,4193
NGC3245A,32.12,1281
ESO501-080,30.48,844
NGC5169,33.41,2500
ESO526-011,34.65,5916
IC2130,31.05,1670
ESO482-011,30.8,1493
UGC09991,33.07,2010
NGC1179,31.26,1717
UGC06104,33.52,2867
PGC083758,33.88,7104
NGC4233,32.59,2200
NGC6575,35.03,7072
NGC0452,34.12,5109
NGC0803,31.66,2180
NGC0918,31.07,1582
UGC01839,32.18,1562
NGC3109,25.56,193
PGC166084,27.71,205
PGC044532,29.99,874
NGC0185,24.11,-17
NGC0147,24.25,-4
NGC1300,30.81,1505
UGC02134,33.08,4676
NGC6586,32.84,3312
CRATER,21.1,0
NGC6643,31.53,1683
NGC0029,34.45,4949
UGC00903,32.83,2628
UGC09758,35.11,6586
UGC01104,29.39,791
NGC0672,29.29,545
NGC0769,33.52,4538
NGC0799,34.5,5862
UGC03561,34.66,5714
NGC2336,32.51,2347
UGC04078,32.15,2018
NGC6264,35.79,10314
NGC6384,31.93,1783
NGC6495,33.26,3293
UGC11055,32.93,3091
NGC6689,30.62,694
UGC11289,33.56,4178
NGC6675,32.91,2702
UGC11320,34.37,3998
UGC11891,29.64,688
UGC11921,31.51,1864
NGC7231,30.8,1312
NGC7250,30.68,1389
NGC7282,33.38,4764
PGC070600,35.55,9784
UGC12350,32.05,2316
NGC7817,32.23,2470
UGC00542,33.67,4663
NGC0523,34.32,4906
NGC0691,32.84,2769
IC0167,31.46,3038
PGC010217,27.7,173
NGC1140,31.29,1472
IC2006,31.49,1236
NGC1637,30.41,638
IC0381,32.07,2626
NGC2268,32.48,2382
PGC023347,33.74,4766
UGC04332,35.65,5440
UGC05364,24.47,-17
NGC3136B,31.62,1567
NGC3264,30.57,996
NGC3347A,32.97,2564
NGC3347B,32.94,2971
NGC3389,31.43,1204
NGC3486,30.68,647
NGC3510,31.12,676
NGC3614,32.7,2364
NGC3666,31.14,972
NGC3686,31.01,1090
NGC3659,31.67,1222
NGC3733,31.73,1254
NGC3756,31.56,1358
NGC3928,30.89,1030
NGC4017,33.5,3433
NGC4116,31.17,1213
NGC4193,32.78,2407
IC3365,31.33,2315
NGC4485,29.75,529
IC3476,30.32,-218
NGC4525,30.23,1184
NGC4534,30.89,844
IC3591,31.28,1567
NGC4656,28.6,665
NGC4672,33.73,3113
NGC4684,30.63,1503
NGC4696,32.79,2799
NGC4729,32.39,3164
NGC4921,34.9,5485
PGC044416,33.81,7627
UGC08146,31.52,772
NGC5011,33.11,2943
NGC5102,27.92,315
NGC5195,29.4,560
NGC5290,32.59,2639
NGC5523,31.67,1092
NGC5690,31.45,1752
NGC5595,32.29,2634
NGC5783,33,2499
NGC5673,32.89,2205
IC1029,33.56,2502
NGC5951,32.09,1848
ESO137-006,34.56,5328
UGC11132,33.53,3036
NGC6255,31.49,1082
IC4943,32.48,2885
UGC11635,34.27,4996
UGC11723,34.26,5045
IC5152,26.46,83
NGC7200,32.69,2871
UGC11973,33.56,4438
NGC7264,34.7,4495
NGC7497,31.1,1885
PGC072139,34.87,6755
NGC7721,32.51,2112
NGC2188,29.62,549
UGC08333,31.66,953
NGC5557,32.58,3295
UGC07218,30.88,831
UGC06816,32.16,969
NGC7292,29.17,1197
NGC5283,33.23,3274
NGC2894,33.87,2016
ESO594-004,25.17,7
ESO245-007,23.2,-142
NGC2271,32.49,2408
NGC2380,32.03,1575
NGC1537,31.81,1272
NGC3136,31.93,1490
NGC3250,33.13,2577
NGC3258,32.51,2584
NGC3268,32.69,2583
NGC3923,31.51,1369
NGC4033,31.6,1462
NGC5237,27.61,206
NGC5061,32.31,1900
NGC6861,32.22,2797
IC2311,31.82,1631
NGC7029,32.9,2757
IC4797,32.22,2654
NGC7196,33.25,2850
ESO245-005,28.3,309
ESO349-031,27.53,214
UGC07354,30.94,1441
ESO381-020,28.69,423
ESO444-084,28.35,460
PGC045084,28.92,622
ESO325-011,27.66,396
ESO323-025,33.48,4052
ESO268-044,32.88,3303
ESO322-042,32.71,3748
NGC4603A,32.47,3512
ESO437-004,33.44,3094
ESO437-034,33.59,3561
NGC3095,32.46,2512
NGC3285,34.15,3183
NGC3729,31.62,1084
NGC4218,30.97,762
UGC06923,31.1,1157
UGC06940,31.98,1184
UGC06969,31.95,1185
NGC0658,33.26,3064
NGC0493,31.8,2501
NGC1507,30.1,813
NGC2633,31.98,2291
NGC2701,32.62,2375
NGC2770,32.13,1911
NGC3320,32.64,2357
NGC2424,33.45,3340
NGC4793,32.14,2508
NGC3976,32.64,2408
NGC3689,33.28,2702
NGC5894,33.06,2619
NGC3471,31.92,2202
NGC4284,34.2,4294
NGC5012,32.91,2612
UGC12178,31.93,2086
UGC12857,32.18,2578
NGC6239,31.93,1098
NGC5899,33.15,2714
NGC5707,33.26,2315
NGC2681,31.16,714
NGC5566,31.52,1521
NGC2950,30.85,1397
NGC5427,32.26,2636
NGC1134,32.89,3687
PGC014241,27.37,213
NGC3583,32.42,2154
UGC08630,32.31,2463
NGC4159,31.26,1896
ESO104-022,29.76,698
ESO104-044,29.94,679
ESO145-025,31.1,1776
PGC039228,28.33,229
UGC07298,28.12,247
PGC166185,26.48,134
NGC6221,30.22,1376
UGC00477,32.93,2784
NGC4220,31.37,978
NGC4274,31.44,917
NGC4235,31.36,2346
NGC5448,32.63,2121
NGC3026,31,1430
UGC07699,31.32,529
UGC05470,22.11,174
UGC10822,19.53,-101
NGC6907,33.18,3246
NGC0024,29.32,574
IC3509,31.1,2012
NGC3077,27.93,98
PGC023521,27.68,226
NGC0292,18.97,21
NGC6104,35.74,8513
NGC5408,28.63,366
IC4662,27.03,196
NGC1560,27.38,106
SEGUE1,16.8,114
NGC3599,31.52,769
NGC4540,30.51,1244
NGC4437,29.62,1037
UGC05288,30.3,435
NGC3206,31.41,1224
NGC4904,31.09,1113
NGC5669,30.83,1388
IC0809,31,147
IC3586,31.07,1667
IC0065,32.34,2796
NGC3254,32.8,1327
NGC3259,32.55,1775
NGC4100,31.5,1178
UGC04879,25.68,14
NGC7743,31.36,1828
NGC4038,31.95,1477
NGC4039,30.62,1471
NGC3032,31.5,1493
NGC4150,30.92,237
NGC4753,31.5,1159
UGC12914,33.49,4518
IC3470,31.01,1434
IC3652,31.01,578
ESO364-029,29.78,596
NGC2369,32.61,3020
PGC095594,28.46,242
PGC2801050,29.04,185
UGC03476,29.23,436
UGC05427,29.26,433
NGC0784,28.65,304
UGC08638,28.16,301
PGC015439,27.53,18
NGC0214,33.8,4688
NGC2906,33.15,2156
NGC2916,32.96,3637
NGC5205,32.63,1887
NGC5520,32.91,1991
NGC5656,33.88,3232
NGC5633,32.81,2437
NGC5772,35.12,4983
NGC5720,35.41,7909
NGC5980,33.5,4164
NGC6063,33.09,2916
NGC7311,33.76,4696
ESO138-014,31.66,1395
IC1153,31.26,6050
PGC065367,24.94,-26
PGC086668,29.73,397
UGC08508,27.07,168
PISCESB,29.75,712
PISCESA,28.76,366
IC0719,31.87,1741
NGC4460,29.89,543
NGC6010,32.33,2079
UGC01378,33.36,3111
NGC0448,32.39,1988
NGC4389,30.73,770
NGC2748,31.22,1608
NGC3403,32.11,1389
NGC5740,32.33,1565
NGC7241,33.8,1642
NGC4470,31.18,2268
NGC4030,32.17,1351
NGC3423,30.35,886
NGC4487,30.25,921
NGC7814,30.8,1203
NGC0045,29.11,491
IC0010,24.5,-147
NGC0150,31.62,1577
NGC0157,32.24,1719
PGC002501,36.74,16653
ESO540-016,32.13,1582
IC1613,24.39,-153
UGC00685,28.41,273
NGC0360,32.42,2179
NGC0406,31.61,1369
NGC0450,31.21,1836
NGC0596,31.67,1936
NGC0613,32.11,1446
NGC0578,31.23,1614
NGC0636,32.35,1883
NGC0681,33.24,1761
NGC0720,32.19,1717
UGC01493,33.44,4274
NGC0759,34.16,4779
IC1783,32.85,3280
NGC0818,33.83,4377
ESO544-027,33.13,2438
NGC0935,32.98,4248
NGC0907,32.06,1615
NGC0908,31.26,1466
NGC1035,31.17,1249
NGC1052,31.22,1469
NGC1055,31.43,1004
NGC1097,30.84,1188
NGC1087,30.46,1527
NGC1090,32.24,2883
NGC1145,32.11,2004
PGC100170,27.24,257
ESO356-018,31.2,1336
NGC1199,32.58,2630
NGC1163,32.89,2228
IC1913,31.7,1343
NGC1255,30.99,1603
NGC1232,30.91,1540
NGC1313,28.17,302
IC1914,31.89,887
NGC1275,34.46,5365
NGC1351,31.39,1362
ESO418-009,31.31,859
NGC1336,31.29,1301
NGC1339,31.48,1281
NGC1353,32.13,1446
NGC1395,31.89,1607
NGC1386,31.07,773
NGC1379,31.39,1202
NGC1365,31.19,1516
IC1962,31.8,1719
NGC1404,31.51,1822
NGC1419,31.77,2004
NGC1398,31.97,1297
ESO482-035,32.06,1786
NGC1439,32.11,1573
NGC1426,31.84,1350
NGC1427,31.41,1263
ESO482-046,31.78,1416
NGC1484,30.81,906
ESO054-021,30.92,1256
NGC1543,31.49,997
NGC1549,31.45,1071
NGC1519,31.3,1732
NGC1518,29.46,826
NGC1574,31.47,867
NGC1553,31.3,976
NGC1566,28.94,1329
NGC1559,31.02,1117
ESO551-016,31.12,1679
ESO202-035,32.13,1699
NGC1792,30.1,1038
NGC1752,33.27,3472
PGC017475,35.04,6910
IC0416,33.5,3048
NGC2325,32.02,1954
ESO490-036,32.57,1741
NGC2320,34.48,5948
ESO490-028,31.94,1950
ESO162-017,30.37,875
IC0467,31.89,2178
ESO257-019,32.77,2647
NGC2434,31.65,1237
NGC2397,31.48,1143
ESO123-009,32.78,2994
ESO123-016,32.58,3030
UGC03804,33.12,2992
UGC04133,35.38,8968
ESO035-018,32.11,1562
ESO123-023,33.05,2689
PGC023338,34.46,4950
ESO495-021,29.58,644
UGC04375,33.02,1978
PGC024778,32.91,2724
ESO563-021,34.71,4376
ESO563-017,33.96,3251
ESO563-014,32.04,1505
ESO563-028,33.01,2417
NGC2715,31.89,1465
PGC027158,32.83,2482
NGC2763,31.95,1694
ESO564-023,35.22,7531
NGC2784,29.94,482
ESO497-018,34.91,4904
IC0529,32.33,2380
ESO564-031,33.95,4951
NGC2835,29.53,677
NGC2844,33.32,1472
ESO061-008,33.22,3155
ESO498-003,32.53,2154
NGC2865,32.87,2512
NGC2919,32.9,2406
ESO373-012,32.5,2421
PGC027747,32.65,1682
NGC2935,32.82,2068
ESO434-023,33.25,2313
NGC2974,31.64,1728
ESO499-005,33.48,4088
NGC2997,29.25,868
NGC3055,31.97,1680
IC2523,31.17,2393
ESO499-022,32.92,2001
IC2522,32.38,2796
NGC3078,32.71,2352
NGC3087,32.7,2416
NGC3098,31.24,1241
ESO435-019,32.02,2595
NGC3089,32.3,2493
ESO567-006,34.45,3524
IC2536,32.3,2511
IC2537,32.73,2576
IC2539,32.47,2620
NGC3169,31.52,1096
NGC3120,31.67,2571
PGC029653,25.59,163
NGC3175,30.8,879
NGC3157,32.43,2623
NGC3193,32.64,1299
ESO375-026,32.96,2913
NGC3309,33.66,3886
ESO501-011,33.84,3566
ESO436-034,34.39,3416
ESO317-041,34.78,5649
ESO436-039,34.11,3278
ESO501-001,33.63,3603
NGC3318,32.64,2554
NGC3321,32.86,2316
NGC3361,32.14,1750
ESO437-056,33.02,2722
NGC3414,31.99,1420
ESO437-072,33.8,3131
NGC3526,31.43,1310
NGC3511,30.44,916
ESO377-010,32.97,2670
NGC3533,33.06,2913
NGC3568,32.55,2232
ESO438-015,33.01,3174
NGC3556,29.96,767
NGC3549,33.04,2910
NGC3623,30.55,717
NGC3628,30.17,763
NGC3610,32.56,1781
NGC3613,32.3,2100
NGC3646,33.78,4191
NGC3641,32.11,1645
NGC3675,31.26,797
ESO503-022,31.85,1698
NGC3811,33.13,3201
ESO439-018,35.59,8669
ESO266-015,33.14,2975
ESO439-020,34.24,3913
UGC06782,30.69,490
NGC3904,32.24,1373
ESO572-022,32.42,1753
NGC3962,32.74,1705
NGC3941,30.41,929
ESO572-049,32.38,1503
NGC4088,30.84,815
UGC07223,33.66,2020
UGC07170,32.32,2403
NGC4168,32.67,2213
NGC4244,28.19,272
NGC4262,30.92,1317
NGC4261,32.51,2142
NGC4267,30.97,925
PGC040107,32.12,1338
ESO380-019,33,2756
ESO573-014,35.12,6701
NGC4278,31.34,621
NGC4348,32.5,1900
NGC4324,31.19,1583
IC3253,32.19,2528
NGC4291,32.54,1843
NGC4371,31.12,855
NGC4387,31.25,484
IC3356,30.41,1043
NGC4406,31.2,-344
NGC4467,31.04,1323
NGC4458,31.06,625
NGC4472,31.1,911
NGC4486B,31.03,1447
NGC4490,29.82,632
NGC4478,31.13,1336
NGC4515,31.08,916
NGC4546,30.72,954
NGC4551,31.03,1150
NGC4575,32.32,2799
PGC042275,27.8,318
NGC4589,32.07,2144
NGC4603D,32.64,2535
NGC4679,33.86,4479
NGC4649,31.16,1059
NGC4699,31.87,1289
NGC4731,30.58,1393
NGC4742,30.93,1162
NGC4379,30.98,1005
ESO323-027,33.26,3679
NGC0115,32.29,1812
ESO323-042,32.62,4028
NGC4800,32.3,934
NGC4814,33.15,2598
NGC4835,31.52,2007
UGC08091,26.61,186
IC4051,35.6,4998
NGC4945,27.7,386
NGC4947A,32.58,2425
ESO443-041,34.31,4722
PGC045877,32.33,2642
NGC5018,32.91,2722
NGC5005,31.66,997
NGC5022,32.77,2870
ESO576-011,32.56,2636
IC4231,32.23,2131
IC4237,32.14,2541
PGC091705,34.72,5577
ESO509-074,32.71,2475
ESO040-012,32.91,2479
ESO445-015,34.36,4248
NGC5248,30.39,1127
IC4296,33.58,3642
ESO444-086,33.97,3908
NGC5308,32.27,2142
ESO383-067,33.24,3963
NGC5322,32.45,1928
ESO383-088,33.63,4106
ESO001-006,32.41,2054
ESO271-022,33.07,2876
ESO446-023,35.37,6823
NGC5485,32.05,2027
NGC5576,32.01,1414
NGC5638,32.08,1650
ESO447-019,33.2,3769
ESO041-006,31.21,2397
ESO447-023,33.55,3681
NGC5592,33.49,4240
ESO446-051,35.12,7117
UGC09242,31.93,1561
NGC5705,31.6,1747
ESO022-003,32.74,2571
IC4468,32.17,2378
PGC052809,31.13,2140
ESO580-049,33.6,3919
NGC5831,32.15,1640
NGC5812,32.13,1899
NGC5833,32.52,2875
NGC5879,31.04,913
NGC5963,32.65,819
NGC5903,32.63,2506
ESO582-004,32.81,2177
ESO387-026,33.75,4285
ESO582-012,31.91,2271
ESO329-007,34,4523
UGC10205,35.87,6691
NGC5962,32.54,2040
NGC5967,32.62,2762
NGC5982,32.88,2993
ESO516-008,35,7096
IC4555,32.06,2503
NGC6181,32.63,2489
NGC6411,33.86,3947
NGC6300,30.15,997
ESO009-010,32.16,2259
NGC6574,32.95,2444
NGC6684,30.7,773
NGC0134,31.25,1565
NGC6744,29.8,758
IC4889,32.31,2501
ESO397-018,34.09,5432
NGC6822,23.32,44
NGC6851,32.77,3022
NGC6868,32.14,2922
ESO527-019,32.98,3189
NGC6909,32.73,2758
IC5007,32.56,2766
IC5078,31.51,1573
NGC7097,32.53,2598
NGC7144,31.93,1896
NGC7145,31.83,1863
NGC7171,33.2,2823
NGC7192,32.87,2869
NGC7247,32.32,2535
ESO533-004,32.86,2648
NGC7218,32,1752
ESO602-015,33.21,2752
UGC12123,33.72,4281
NGC7339,31.7,1533
NGC7361,30.89,1285
ESO346-001,32.83,2400
NGC7392,33.1,3226
IC1474,33.18,3637
NGC7537,32.82,2818
NGC7593,33.65,4265
NGC7590,31.95,1563
NGC7541,32.9,2820
NGC7608,33.17,3680
NGC7626,33.23,3551
IC5321,32.93,2937
NGC7713,29.88,682
ESO079-003,32.6,2508
NGC4138,30.68,920
NGC3786,33.2,2692
NGC3044,31.66,1143
NGC7469,34.25,5068
UGC11711,36.09,9172
UGC11142,34.15,4690
UGC11994,34.04,5093
UGC12430,33.12,3872
UGC00014,35.03,7426
NGC7591,33.72,5101
IC5309,33.33,4335
NGC2742,31.6,1359
NGC0801,33.77,5896
NGC4631,29.33,636
NGC6674,33.7,3619
NGC4096,30.39,620
NGC4318,31.7,1141
NGC4339,31.06,1216
NGC4340,30.83,907
NGC2986,32.66,2123
NGC2695,32.53,1670
NGC4468,30.98,841
NGC4479,31.18,798
NGC4442,30.9,469
NGC4434,31.73,1002
NGC4464,30.98,1198
NGC4552,30.98,273
NGC4365,31.81,1148
NGC6702,34.18,4941
UGC03539,33.42,3409
UGC01970,32.53,2003
UGC04550,32.9,1955
UGC00711,31.94,2055
UGC02370,33.11,2282
UGC03489,34.56,5398
UGC03474,33.32,3752
UGC03879,33.85,4771
NGC0100,31.31,979
NGC2357,32.43,2213
UGC05459,31.61,1160
UGC06594,31.65,975
UGC07387,32.91,1648
IC3474,31.38,1649
UGC06080,32.73,2262
UGC09856,32.92,2608
NGC7173,32.46,2533
NGC2592,32.03,1980
IC4214,32.66,2166
NGC2778,31.78,2002
NGC3605,31.56,608
NGC3156,31.73,1209
UGC07249,32.19,545
IC3044,31.24,-241
NGC4206,31.38,643
NGC4165,33.77,1812
IC0769,32.91,2146
NGC4307,31.84,990
NGC4312,30,103
IC0797,31.83,2053
NGC4523,29.03,217
NGC4438,30.26,46
IC3322A,31.84,923
NGC4413,30.89,41
UGC07590,32.26,1055
IC3322,31.49,1115
NGC4477,31.08,1309
NGC4459,31,1137
NGC4586,30.58,708
NGC4866,32.36,1954
PGC042160,31.03,995
NGC4633,31.06,256
NGC4526,30.93,512
NGC4343,31.71,923
NGC4451,32.08,796
NGC4480,32.82,2353
NGC4303,30.45,1484
NGC4502,32.2,1589
NGC4595,30.98,592
NGC4647,31.19,1362
NGC4550,30.92,359
NGC0532,32.7,2458
NGC1171,32.01,2856
NGC1186,32.82,2853
NGC3041,31.93,1308
NGC3021,32.6,1508
NGC3067,31.15,1424
NGC1343,28.14,2370
NGC1485,31.39,1234
NGC2726,33.77,1617
NGC3338,31.84,1203
NGC3437,32.41,1203
NGC3294,32.39,1561
NGC2623,34.95,5434
NGC7678,33.26,3677
NGC7606,32.75,2317
NGC4845,31.34,1029
ESO097-013,28.12,267
NGC1003,30.2,746
NGC4448,31.89,685
NGC3495,31.31,1009
NGC3672,31.85,1714
NGC4378,33.43,2478
NGC5033,30.84,924
NGC4876,34.76,6715
NGC4883,34.71,8165
NGC6951,31.6,1645
NGC4840,35.03,6046
NGC4895,34.79,8543
NGC4051,30.25,749
NGC3227,31.54,1052
NGC4594,29.67,968
NGC3626,31.49,1400
NGC3607,31.77,862
NGC1042,28.12,1356
NGC5898,32.3,2073
NGC0474,32.2,2445
NGC0524,32.56,2510
NGC0855,29.92,697
NGC2634,32.6,2381
NGC2962,32.71,1822
NGC2699,32.13,1658
NGC7280,31.66,2047
NGC3190,31.93,1246
PGC027509,34.81,6457
NGC3185,31.92,1165
NGC3697,34.96,6210
NGC5350,32.21,2400
NGC4123,31.52,1232
IC3105,30.75,-216
ESO056-115,18.51,90
NGC3079,31.09,1222
IC2559,32.7,2769
NGC2613,32.14,1466
NGC3810,30.89,911
IC5249,32.6,2268
UGC11583,29.14,342
UGC11648,32.86,3584
NGC0470,33.44,2447
NGC1160,31.88,2647
NGC3368,29.95,792
NGC3705,31.8,926
NGC4414,31.11,743
NGC5064,33.19,2835
PGC071159,32.09,4022
UGC12535,32.57,4357
NGC7631,33.69,3905
UGC03860,30.11,346
UGC07698,28.44,344
UGC12613,24.92,-19
UGC05340,30.52,461
UGC04426,29.97,395
UGC09240,27.25,258
NGC3738,28.62,295
ESO305-009,30.75,848
ESO422-005,32.82,1313
ESO418-008,31.67,1086
ESO502-016,30.92,1317
ESO358-015,31.04,1267
ESO443-079,32.12,1983
ESO380-025,31.57,2612
NGC1084,30.95,1406
PGC003792,24.42,-152
IC1727,29.27,457
NGC4621,30.84,389
UGC07321,31.84,385
NGC5236,28.45,377
NGC0496,33.63,6151
NGC0512,34.84,5007
UGC01054,34.27,2807
UGC00809,34.13,4356
UGC00841,33.99,5720
UGC01033,33.85,4179
NGC0688,33.88,4283
UGC02415,34.88,7790
UGC01316,34.55,4824
UGC01416,35.4,5605
UGC01366,34.4,5247
NGC0668,33.75,4638
UGC02454,35.02,7644
IC0292,32.83,3165
UGC02444,35.05,6718
UGC02617,33.13,4801
UGC04400,34.48,4294
UGC04361,33.23,3666
UGC04424,34.35,4337
UGC03275,35.67,7895
UGC04299,33.79,4219
NGC2608,33.04,2099
UGC08004,34.67,6204
UGC08013,35.56,7886
UGC07955,34.8,6763
NGC3861,34.95,5019
UGC07877,35.05,5908
IC4202,35.44,7135
UGC08328,35.27,6504
UGC08244,34.62,7116
NGC5185,35.26,7368
UGC12721,35.09,7786
UGC12701,35.44,9042
UGC11579,34.89,6029
UGC11455,34.73,5602
PGC011350,34.41,8420
PGC090831,36.59,11198
PGC072115,35.16,9577
PGC169662,35.85,8488
PGC072968,35.41,8081
IC2510,32.46,2583
NGC4162,32.06,2547
NGC7328,33.01,2994
NGC3835,33.56,2535
NGC6155,31.96,2582
NGC2712,32.45,1829
NGC0949,30.2,732
NGC2460,32.94,1518
NGC4409,30.91,1560
NGC0210,31.38,1680
NGC1620,33.06,3443
NGC2815,33.09,2334
NGC3054,32.61,2218
NGC3717,31.26,1540
NGC6118,31.6,1622
NGC5530,30.3,1057
NGC4682,31.72,2211
NGC6925,32.37,2827
NGC7083,32.59,3018
NGC7412,29.5,1692
NGC7531,31.93,1571
NGC4469,31.12,518
NGC1596,30.9,1335
NGC2788,31.23,1421
IC5176,32.12,1646
ESO443-042,32.97,2762
PGC002805,31.29,1396
PGC006228,31.45,1534
NGC0615,32.22,1900
IC0217,31.59,1885
NGC0958,34.45,5746
PGC016118,33.71,4368
UGC03326,34.6,4252
UGC03757,35.2,5572
UGC03283,34.22,4412
NGC2758,32.61,1757
UGC03675,33.96,3919
UGC03207,34.2,4494
UGC03214,34.23,4829
UGC04257,33.88,4104
PGC027130,32.4,1911
NGC2998,33.85,4782
NGC3917,31.15,1031
NGC3987,34.07,4340
UGC07844,31.9,2004
NGC4428,32.93,2856
NGC4050,33.13,1611
NGC4129,31.32,1046
NGC4642,33.1,2559
NGC4781,30.46,1154
NGC4658,31.94,2286
NGC4995,32.26,1651
NGC5088,31.45,1337
NGC5728,32.22,2729
NGC5134,28.8,1641
NGC5184,33.81,3920
IC1048,32.09,1588
PGC054944,31.5,2010
NGC5861,31.91,1834
UGC11527,34.31,5637
UGC11651,31.59,1740
PGC065506,34.94,6153
NGC1325,31.72,1507
IC5334,33.29,2321
NGC1309,32.68,2073
UGC12641,32.73,2876
PGC013684,32.22,1135
NGC1422,30.31,1567
NGC1367,31.89,1366
NGC1385,30,1400
ESO548-021,31.77,1600
ESO548-032,32.07,1874
ESO482-005,32.49,1822
NGC4055,35.32,7291
NGC4178,31.99,308
ESO549-018,32.13,1485
ESO549-035,32.95,1722
NGC4180,32.72,2103
NGC4941,31.55,1022
NGC5832,29.9,611
UGC09858,32.79,2744
UGC11909,30.73,1332
IC1459,32.31,1798
NGC5676,32.66,2225
IC3370,32.12,2754
NGC4105,32.1,1697
NGC5921,30.73,1472
NGC3953,30.48,1119
NGC3992,32.01,1120
NGC5457,29.26,356
NGC5371,32.49,2659
NGC3359,31.65,1104
UGC03974,29.56,180
NGC4237,31.46,814
NGC5775,31.28,1685
NGC4212,31.14,-142
NGC4498,31.11,1468
NGC4435,31.09,750
NGC4519,31.39,1158
NGC4571,31.43,292
NGC4639,32.02,940
IC3225,32.34,2298
IC3583,29.89,1073
NGC3049,31.26,1363
NGC3184,30.33,597
NGC4725,30.41,1208
NGC4236,28.22,123
NGC5398,29.65,1094
IC4710,29.34,630
ESO356-004,20.86,-56
ESO321-010,32.93,2934
ESO435-050,33.35,2500
NGC1886,32.33,1600
ESO240-011,33.28,2794
IC4871,31.96,1859
ESO263-015,32.45,2301
ESO564-027,32.76,1972
ESO435-014,32.89,2450
NGC5170,32.33,1395
NGC1375,31.49,663
NGC1316,31.55,1670
NGC1380,31.52,1753
NGC0338,34.46,4931
NGC3741,27.55,267
NGC3489,30.39,606
IC0335,31.56,1516
ESO359-002,31.41,1299
ESO358-059,31.46,913
ESO358-006,31.55,1152
IC0356,31.67,1040
NGC2273,32.42,1925
UGC03205,33.85,3607
UGC03580,32,1320
NGC2654,32.5,1412
NGC5289,33.23,2598
NGC5533,33.38,3941
UGC06253,21.83,32
NGC3640,32.14,1199
NGC5044,32.45,2581
NGC3557,33.28,2849
NGC0891,29.97,660
NGC2523,32.84,3604
IC3653,30.93,507
IC3468,30.91,1241
IC3461,31.1,953
NGC3226,31.84,1235
NGC3073,32.62,1216
NGC0205,24.52,-62
NGC4352,31.33,2023
NGC4203,30.88,1081
NGC4143,31.53,997
NGC4283,30.96,987
NGC5273,31.16,1144
NGC4474,30.93,1562
NGC4578,31.04,2215
NGC4627,29.86,564
NGC6237,31.83,1318
NGC5574,31.87,1573
NGC5631,32.2,2086
NGC5845,32.57,1462
NGC6339,31.99,2290
NGC5869,31.98,2085
UGC05442,27.86,88
NGC0680,32.46,2917
NGC1209,32.75,2588
NGC0584,31.5,1885
NGC7332,31.79,1379
NGC2549,30.49,1140
NGC4926,34.87,7870
IC4045,34.94,6983
IC3947,35.06,5666
NGC4860,35.19,7994
NGC0959,30.07,711
NGC3351,29.98,677
NGC0337,31.3,1701
NGC0536,33.92,5336
IC2166,32.41,2775
NGC3003,31.41,1449
UGC03876,32.13,815
NGC3344,29.96,534
NGC3147,32.94,2937
NGC3310,31.13,1045
NGC5377,32.32,1895
NGC5297,32.31,2492
NGC5112,31.17,1033
NGC5376,33.64,2198
NGC5474,29.18,376
NGC5585,29.64,434
NGC5608,31.24,765
NGC6207,30.94,1012
IC1251,33.51,1361
UGC10791,32.73,1519
IC2058,31.28,1199
ESO445-081,34.8,4238
ESO380-023,33.66,2568
IC4393,33.11,2644
ESO385-008,33.78,3630
NGC0972,30.83,1614
NGC1056,32.47,1632
NGC1530,31.41,2616
UGC02800,31.55,1330
NGC1169,32.89,2508
UGC02855,30.66,1352
UGC03574,31.16,1513
NGC1058,30.13,629
NGC2543,32.36,2449
NGC2541,30.35,576
NGC3027,31.16,1176
NGC3319,30.52,747
UGC10445,31.23,1100
UGC12212,31.93,1096
NGC6236,31.79,1466
NGC7479,32.4,2546
NGC3311,33.23,3630
NGC1399,31.56,1302
NGC4839,35.21,7350
NGC4946,33.37,2942
NGC4884,35.06,6460
NGC0925,29.82,665
NGC2841,31.07,672
NGC2976,27.77,107
NGC3031,27.78,69
NGC3198,30.73,682
NGC2903,29.85,475
NGC2403,27.53,237
NGC3621,29.13,530
NGC4736,28.21,366
NGC4826,28.22,400
NGC3627,30.3,635
NGC5055,29.78,574
NGC6946,29.14,272
NGC7793,27.86,226
NGC7331,30.81,1030
NGC4789A,28.03,383
NGC1156,29.46,444
UGC03698,30.25,444
NGC2337,30.27,457
UGC03371,31.7,953
UGC03817,29.66,458
UGC03137,31.73,1142
IC2233,30.73,574
NGC2537,29.19,469
NGC2552,29.97,539
UGC04499,30.11,726
UGC05272,29.26,480
NGC3274,29.08,486
UGC05918,29.35,439
UGC06446,31.28,716
UGC06817,27.12,269
UGC07125,32.66,1090
NGC4144,29.19,319
NGC4242,28.71,570
UGC07408,29.31,515
NGC4190,27.26,179
NGC4395,28.39,334
NGC4455,30.11,624
UGC07559,28.48,246
UGC07577,27.08,250
NGC4707,29.07,551
UGC08331,28.22,348
NGC5204,28.3,318
IC3687,28.3,394
IC4182,28.2,362
UGC08201,28.42,163
UGC09992,30.26,598
NGC5229,30.14,483
UGC08837,29.3,258
UGC11861,30.79,1687
UGC07436,30.96,928
NGC4288,32.08,588
IC3381,31.09,602
IC3328,31.11,937
IC3735,31.14,1779
IC3779,30.97,1120
IC3383,31.02,1754
NGC4431,30.45,875
NGC4482,31.27,1767
NGC7610,33.2,3709
NGC4476,31.2,1905
NGC0628,30.03,756
NGC7741,30.69,931
NGC4258,29.41,514
NGC5846,31.96,1761
NGC4564,30.97,1079
NGC4374,31.55,945
NGC3608,31.78,1144
NGC3379,30.27,822
NGC4697,30.44,1142
NGC1023,29.9,761
NGC5128,27.83,391
NGC1340,31.57,1078
NGC1407,32.28,1708
NGC4494,31.11,1312
NGC1512,30.4,746
NGC0224,24.46,-112
NGC1400,32.08,506
NGC0821,31.84,1818
NGC4299,31.48,181
NGC4216,30.7,76
NGC4222,31.48,172
NGC4189,31.78,2050
NGC4192,30.52,-171
NGC4254,30.55,2355
NGC4294,30.95,278
NGC4302,30.78,1078
NGC4298,31.11,1078
NGC4321,31.01,1528
NGC4383,31.23,1666
NGC4396,31,-160
NGC4380,31.52,888
NGC4388,31.2,2460
NGC4394,31.96,879
NGC4405,30.39,1688
NGC4419,31.2,-272
NGC4330,31.36,1548
NGC4402,30.47,181
NGC4501,30.24,2236
NGC4522,30.81,2258
NGC4548,30.97,438
NGC4535,30.87,1898
NGC4533,31.41,1677
NGC4536,30.81,1724
NGC4532,30.23,1944
NGC4561,31.88,1372
NGC4568,31.39,2183
NGC4579,31.5,1466
NGC4654,30.71,1000
NGC4689,30.84,1570
NGC4567,32.39,2208
NGC4607,31.5,2207
UGC07739,32.7,1966
IC3392,30.24,1623
NGC4808,31.21,697
NGC4713,30.83,586
NGC4772,32.18,965
NGC3245,31.58,1314
NGC7457,30.77,1014
NGC2787,29.35,803
NGC7619,33.6,3912
PGC009354,31.35,2082
PGC011744,29.98,1520
UGC04305,27.7,270
UGC04459,27.79,119
NGC2915,28.16,262
UGC05139,28.02,254
IC2574,28.01,153
UGC05423,29.74,465
NGC1381,31.68,1605
NGC0404,27.37,105
NGC5746,32.16,1710
NGC4570,31.14,1679
NGC7507,31.97,1638
NGC4636,30.74,848
NGC4486,31.12,1230
NGC0300,26.53,121
NGC0598,24.71,-48
PGC000143,24.94,-54
NGC0864,30.85,1605
UGC01281,28.61,273
NGC4565,30.41,1222
NGC3034,27.79,340
NGC0221,24.5,-22
NGC2768,31.73,1469
ESO379-006,32.9,2754
UGC04614,35.33,7535
NGC0055,26.62,98
UGC01087,34.19,4582
UGC01862,31.74,1400
NGC2441,32.94,3586
NGC3982,31.85,1191
NGC4473,30.9,2303
NGC5023,29.09,478
UGC02082,30.82,793
PGC016957,27.68,223
NGC3377,30.09,590
NGC5194,29.67,548
NGC4163,27.38,183
NGC2366,27.58,209
NGC1705,28.79,445
UGC04483,27.73,265
UGC06456,28.32,39
UGC06541,28.13,303
NGC0625,28.01,316
NGC4068,28.21,282
PGC042134,28.94,493
UGC09128,26.8,196
NGC1569,27.53,34
NGC4214,27.37,313
PGC040665,28.79,346
NGC6789,27.75,50
UGCA166,31.32,801
NGC4449,28.15,256
NGC5253,27.68,274
NGC1068,30.02,1150
HIJ102145.0+180501,26.08,179
NGC4125,31.87,1502
NGC0708,33.46,4974
UGC08320,28.13,269
NGC3521,30.47,670
UGC03966,30.08,360
NGC5813,32.52,1965
NGC4151,27.95,1019
NGC2347,34.73,4519
NGC4064,29.59,885
NGC3223,32.7,2677
NGC4293,30.53,861
NGC4351,30.48,2248
NGC4450,31.08,1916
NGC4457,30.15,803
NGC4569,30.37,-267
NGC4580,31.39,965
NGC4606,30.49,1597
UGC00312,33.73,4477
NGC0253,27.84,244
NGC5529,33.24,2956
NGC0973,33.99,4959
ESO324-024,27.89,357
NGC0444,33.46,4982
IC2531,32.76,2259
NGC3145,33.47,3472
NGC5907,31.18,818
NGC1808,30.45,827
NGC1332,31.78,1444
NGC4305,33.1,1865
NGC3457,31.56,1082
IC3115,31.94,656
UGC00139,33.45,4051
UGC00633,34.8,5730
UGC00562,33.69,5622
NGC0632,32.88,3232
UGC01459,34.17,5601
PGC007957,34.58,4542
NGC0931,32.81,5096
UGC02798,34.02,5033
UGC02920,34.16,4219
IC2199,33.87,4640
NGC2512,33.88,4634
UGC04132,34.57,5162
NGC2550,32.1,2392
NGC2595,34.35,4245
UGC05358,33.13,2803
UGC05451,30.02,656
UGC05646,31.89,1275
NGC3488,32.89,3070
NGC3655,31.82,1430
UGC06402,32.55,2489
NGC3839,33.8,5834
NGC3947,34.6,6161
PGC037779,30.73,1385
NGC4145,30.44,1042
NGC4771,31.27,1054
UGC08229,34.54,6012
NGC5430,33.08,3123
NGC5604,33.27,2719
NGC5678,32.22,2037
NGC5714,32.89,2356
NGC5949,30.58,594
NGC5937,32.86,2824
IC1129,33.56,6712
NGC5990,33.34,3867
NGC5981,33.57,2692
NGC6015,31.15,1002
NGC6434,33.07,2682
UGC11426,33.3,4626
NGC7003,33.99,5505
NGC7177,31.51,1343
NGC7448,33.12,2367
UGC12678,36.08,9138
UGC12631,35.57,9367
NGC0911,34.71,5896
NGC1762,35.05,4676
NGC2389,33.93,3920
NGC2393,34,4861
UGC04024,32.5,1799
UGC04444,31.48,1989
UGC04399,33.82,4405
UGC04640,33.55,3146
NGC2683,29.86,385
IC2763,31.1,1489
UGC06390,32.2,1110
UGC06667,31.36,1040
UGC06686,34.43,6476
UGC07153,33.44,2714
NGC4641,29.54,1970
UGC08067,33.11,2669
UGC09071,32.45,1946
NGC5727,33.17,1586
IC1265,33,2357
NGC7047,34.8,5940
NGC4779,32.95,2796
NGC0048,33.84,1972
UGC00557,34.55,4654
UGC00607,36.42,11765
UGC00485,33.96,5406
UGC00565,33.47,5800
UGC00673,34.98,6400
UGC00646,34.14,5439
NGC0428,30.85,1224
NGC0582,34.04,4491
NGC0710,32.76,6241
NGC0820,34.05,4500
UGC01753,32.27,3097
NGC0992,33.3,4211
NGC1024,33.26,3580
UGC02443,32.57,2510
NGC1233,34.04,4489
UGC02655,33.54,6297
UGC02730,34.37,3863
IC0342,27.68,172
UGC03048,32.98,3189
UGC03218,34.35,5340
UGC03273,30.96,700
UGC03432,33.9,5076
NGC2146,32.13,1041
UGC03611,34.46,4925
UGC03634,35.15,7800
UGC03691,32.34,2113
NGC2339,32.43,2178
NGC2365,32.98,2208
UGC03937,33.2,3975
IC0480,33.48,4567
UGC04247,34.53,2742
IC2267,33.11,2010
NGC2565,33.78,3503
UGC04322,35.17,7447
UGC04393,30.43,2146
UGC04524,32.62,1802
IC0499,33.62,2110
IC2389,31.77,2502
UGC04628,31.34,808
UGC04623,33.22,3016
NGC2708,33.24,1832
NGC2710,33.1,2628
UGC04841,32.67,1250
UGC04845,32.82,1993
UGC04998,30.11,734
UGC05228,32.06,1623
UGC05245,32.06,1259
UGC05373,25.79,168
NGC3153,33.33,2705
UGC05692,27.97,171
UGC05708,31.81,1047
NGC3329,33.21,2028
UGC05974,32,918
NGC3440,33,1992
UGC06023,32.22,1292
UGC06355,32.58,2170
UGC06526,30.95,1852
NGC3813,31.66,1474
NGC3879,32.25,1552
NGC3888,33.01,2473
PGC037463,34.9,6296
UGC06931,31.2,1288
NGC4034,33.12,2492
UGC07086,32.31,2155
NGC4127,32.44,1958
NGC4120,32.32,2371
NGC4142,32.05,1235
PGC039018,31.9,-208
NGC4215,31.78,1990
IC3065,31.05,941
IC3099,32.69,2062
NGC4252,31.69,792
NGC4238,32.87,2868
UGC07357,35.32,6658
NGC4281,31.94,2647
IC3391,31.82,1674
NGC4486A,31.29,704
IC3520,31.72,758
NGC4559,29.27,816
UGC07767,32.2,1288
IC0798,31,387
NGC4605,28.72,256
IC3690,35.35,7539
NGC4651,31.83,767
NGC4612,31.07,1813
UGC07848,33.67,2613
UGC07857,29,66
NGC4698,31.7,953
NGC4712,34.73,4384
NGC4733,30.82,882
UGC08120,31.95,1809
IC3960,35.08,6587
UGC08245,28.37,129
NGC4961,32.84,2548
PGC046239,35.83,8972
NGC5218,33.45,2988
UGC08726,32.39,2409
UGC08756,32.42,1411
NGC5470,31.54,1005
NGC5477,29.15,435
UGC09057,32.37,1545
UGC09206,31.01,2309
NGC5611,31.99,2031
IC4423,35.97,9130
NGC5665,31.2,2242
NGC5687,32.21,2245
NGC5792,32.07,1923
PGC053750,35.07,6362
NGC5839,31.75,1241
NGC5874,33.33,3277
UGC09760,32.25,2038
NGC5913,32.76,2016
NGC5985,33.73,2682
NGC5975,33.77,4480
UGC10030,35.46,8956
UGC10043,33.23,2254
UGC10041,32.6,2221
PGC056437,34.24,4830
NGC6017,32.35,1855
IC1158,32.12,1975
NGC6038,35.72,9511
NGC6070,32.09,2055
UGC10413,33.42,3109
UGC10713,32.57,1261
UGC10721,33.29,3070
UGC10738,35.18,6821
PGC059955,35.53,9327
NGC6395,31.52,1356
NGC6368,32.61,2893
NGC6503,28.99,238
NGC6460,33.25,3506
UGC11001,33.78,4363
UGC11003,33.15,4212
UGC11093,31.68,2096
UGC11097,34.47,4771
UGC11198,34.03,4689
PGC061808,35.37,8275
NGC6651,34.17,5962
NGC6667,33.21,2791
NGC6764,31.9,2634
NGC6792,34.48,4863
UGC11435,32.84,3969
UGC11466,31.05,1046
UGC11477,32.87,3940
UGC11492,33.06,3791
UGC11498,33.95,3430
NGC6869,32.51,2952
PGC064024,35.23,7300
NGC6916,33.31,3327
UGC11551,33.7,5049
NGC6928,33.98,4895
NGC6930,34.13,4763
UGC11568,33.71,4412
UGC11738,34.24,4424
NGC7046,33.7,4326
IC5119,34.82,5509
UGC12158,35.46,9478
UGC12173,33.76,4991
UGC12234,33.7,6517
UGC12308,32.86,2390
IC1461,35.82,9430
NGC7463,31.79,2424
NGC7667,31.25,2824
UGC12667,32.88,3981
UGC12681,32.13,1633
UGC12639,31.21,4730
UGC12755,35.99,8986
PGC072411,35.85,9212
NGC7780,34.41,5360
PGC072784,35.6,8144
NGC7040,33.05,6294
NGC7014,33.57,4742
NGC1380A,31.48,1487
NGC1374,31.44,1173
UGC00556,34.36,4790
NGC4062,30.81,764
UGC04324,33.8,4732
PGC072438,35.3,9478
NGC1373,31.4,1213
UGC05921,32.36,1368
UGC00732,33.76,5592
PGC013230,31.36,1083
NGC5246,35.17,6884
NGC0673,34.2,5262
UGC01257,34.62,4799
UGC01178,33.79,5642
UGC01234,34.87,5798
IC3742,31.77,921
NGC5362,32.08,2177
IC3617,31.27,2014
NGC0914,34.34,5664
NGC3501,31.77,1053
UGC02375,35.19,7623
UGC02405,35.07,7715
NGC3370,32.37,1200
NGC7454,31.87,2184
NGC3430,32.4,1563
NGC4424,28.09,376
ESO358-063,31.13,1803
VV169,35.34,9131
UGC04008,35.52,9234
PGC2802596,24.49,-180
PGC2802573,24.8,-439
UGC09425,36.14,10486
NGC7253,34.22,4930
[KKH2007]J1228+4358,27.97,278
NGC2590,34.03,4840
NGC3412,30.25,750
PGC044055,28.42,402
NGC0936,31.36,1448
NGC3115,29.92,478
NGC3585,31.49,1178
NGC3384,29.87,467
NGC3818,32.78,1561
NGC3998,30.73,1124
NGC4026,30.65,1036
NGC4111,30.86,824
NGC4251,31.44,1063
NGC4382,31.24,682
NGC4350,30.86,1204
NGC4429,30.57,934
NGC4461,30.4,1874
NGC4638,31.18,1114
NGC4754,31.02,1272
NGC4762,30.17,929
NGC4874,34.95,7182
NGC5490,34.44,4878
NGC5866,30.8,821
NGC6703,32.11,2512
UGC04115,29.48,244
NGC5073,32.42,2640
NGC1110,31.63,1305
NGC1359,32.95,1889
ESO548-082,33.04,1641
PGC007324,32.34,1859
ESO504-025,31.91,1459
NGC4527,30.75,1654
UGC08041,30.86,1243
NGC4592,30.33,978
ESO319-011,33.35,2898
ESO404-027,32.7,2582
NGC7750,31.42,3055
NGC7368,32.45,2352
ESO362-011,31.05,1169
NGC4346,30.76,836
PGC003062,32.41,1478
PGC003855,32.56,2473
PGC003853,30.3,1148
PGC006190,32.48,2156
UGC03122,34.15,4639
UGC03161,36.47,8711
UGC03296,34.13,4189
PGC036330,34.43,7756
IC0779,30.96,220
PGC044736,35.49,6915
PGC075289,35.46,8128
PGC083702,35.08,6960
PGC090023,33.93,4216
PGC090726,35.46,8412
PGC090737,34.8,4272
PGC090553,33.62,2667
PGC3109704,39.83,43318
[RGK2003]J010705.94-000753.8,40.11,78916
[RGK2003]J013359.45+000415.2,40.06,80998
[RGK2003]J013549.55+000838.3,39.66,61811
INDUS2,21.65,-
RETICULUM3,19.81,-
TUCANA4,18.41,-
GRUS2,18.62,-
TUCANA5,18.71,-
CETUS2,17.38,-
COLUMBA1,21.31,-
TUCANA3,17.01,-195
LAEVENS2,17.34,-258
PGC2543081,29.79,500
LVJ1157+5636,29.76,-
ESO488-049,32.56,1622
ESO555-029,33.47,2725
ESO489-006,31.93,2049
IC2511,32.89,2680
ESO566-014,33.71,4477
ESO374-003,32.43,2710
NGC3045,32.47,2056
ESO490-010,31.64,1633
ESO437-025,34.3,3195
ESO437-030,33.22,3552
ESO501-068,33.9,2878
ESO437-031,33.81,3676
ESO437-054,33.71,3261
ESO501-086,33.84,3531
ESO378-003,32.81,2820
ESO378-011,33.53,3030
NGC2090,30.33,737
ESO541-004,32.22,2017
NGC1337,30.56,1192
NGC1832,32,1807
ESO302-009,31.46,855
ESO532-014,31.84,1787
NGC7184,32.62,2700
NGC1892,30.82,1163
ESO121-006,31.34,1004
ESO121-026,32.76,2056
ESO595-010,32.32,2319
PGC013716,32.33,1508
NGC1406,31.27,961
PGC013646,32.73,2093
NGC1421,31.51,2016
NGC1425,31.67,1398
ESO490-014,32.58,2521
ESO437-035,32.66,3187
ESO501-075,33.3,5028
IC4830,33.8,4323
NGC1292,31.37,1274
NGC3715,32.72,1961
NGC3463,34.13,3763
IC4951,30.27,733
NGC2124,33.28,2797
NGC2280,31.95,1716
NGC2417,32.59,2983
ESO443-080,33.23,1976
ESO440-027,31.41,1526
IC0407,33.21,2690
NGC1511,30.78,1158
NGC1515,31.13,1007
NGC1532,31.35,1064
IC2143,32.88,2892
NGC1964,31.71,1504
NGC6754,32.9,3198
ESO593-003,35.13,8293
ESO554-028,32.55,1908
ESO459-006,34.47,5776
NGC6861F,31.83,3170
ESO340-008,32.92,2839
NGC2104,31.08,962
IC2150,33.14,2925
IC4964,32.97,3046
ESO281-038,33.78,4939
ESO287-013,32.47,2677
NGC6875A,32.32,3156
ESO403-031,32.59,2551
NGC7126,32.78,2970
NGC7151,31.8,1828
ESO601-007,31.78,1866
ESO146-014,31.48,1608
ESO237-049,32.76,2884
IC5179,33.35,3427
NGC7314,30.99,1479
NGC7456,30.83,1193
ESO407-009,32.19,1568
NGC7661,32.56,1928
ESO381-051,33.94,4846
ESO446-053,31.17,1287
ESO285-048,32.25,2699
IC5026,32.63,2614
IC5071,32.45,3007
NGC3684,31.57,1092
NGC5970,32.23,2022
NGC6962,33.65,4358
NGC1433,29.6,928
NGC1448,31.4,1023
ESO575-053,32.46,2411
ESO576-050,31,1859
NGC4628,33.16,2709
ESO373-008,29.93,703
NGC1494,30.47,971
NGC4660,30.86,1046
PGC3116657,37.25,25977
PGC3116670,37.59,22950
UGC00866,31.86,1803
NGC0497,35.26,8193
NGC0701,31.52,1860
PGC1183727,37.57,28268
NGC2410,33.97,4649
PGC090789,35.45,8100
PGC090796,35.65,8528
PGC090801,33.97,3863
PGC090803,34.52,5284
PGC090806,35.15,6031
UGC04296,35.45,8870
PGC023374,34.89,4144
UGC04386,34.2,4550
IC2348,35.18,5889
UGC04482,33.13,1999
NGC2619,33.61,3417
PGC024286,35.52,8118
PGC025005,35.27,7484
UGC04753,32.28,1852
IC0530,34.56,4845
UGC04906,32.79,2318
UGC05107,32.71,1868
PGC028061,35.11,9904
NGC3020,31.68,1333
UGC05354,32.59,1196
IC0582,34.59,7541
NGC3131,34.4,5015
UGC05522,33.05,1095
PGC029953,35.33,7367
UGC05542,35.77,9255
UGC05707,31.36,2818
UGC05713,35.05,6252
PGC031552,35.15,6839
SDSSJ103928.53+051101.1,37.78,20203
NGC3327,35.03,6249
UGC06015,36.52,12460
PGC033043,35.19,6685
NGC3522,32.03,1142
UGC06309,32.76,2910
NGC3625,32.79,2020
NGC3629,32.75,1475
NGC3669,31.84,1831
PGC1676859,35.9,9369
NGC3683,32.54,1786
PGC035622,34.72,6070
UGC06603,31.99,1627
PGC036371,34.22,6274
NGC3891,35.66,6278
PGC036856,34.91,6771
UGC06791,32.5,1819
UGC06862,34.13,2658
NGC4172,35.67,9405
NGC4200,31.92,2280
NGC4224,33.81,2510
PGC039556,31.84,1924
PGC039813,31.68,2484
PGC039894,32.58,875
NGC4292,29.88,2177
PGC1875560,31.11,909
NGC4313,30.44,1375
IC3284,35.79,7785
IC3388,30.98,1656
NGC4493,34.95,6830
NGC4545,32.74,2778
NGC4668,30.96,1537
UGC07941,33.27,2421
PGC092948,36.41,13621
PGC043278,34.23,6902
UGC08017,35.45,7078
PGC044159,34.89,7309
PGC083669,33.35,7788
PGC083670,35.43,6132
PGC083671,34.36,6567
PGC083675,35.91,8352
PGC083681,35.17,7255
PGC083682,33.68,7157
PGC083684,33.05,7450
PGC083688,34.33,8182
PGC083695,32.92,6144
PGC083696,33.91,6425
PGC083703,35.02,7318
PGC083716,34.27,7194
PGC044440,35.04,5464
PGC044467,35.11,7160
PGC044469,35.69,6929
PGC083720,34.85,7033
PGC083727,34.98,7021
PGC044519,33.1,6952
PGC083729,35.04,6023
PGC044546,36.08,7046
PGC044547,35.19,6418
IC3955,34.96,7681
PGC044562,35.21,5751
IC3963,34.7,6840
PGC044573,35.1,9477
PGC044576,34.29,6073
2MASXJ12592407+2820498,37.74,20314
PGC044594,34.81,6683
IC3976,35.66,6802
PGC044629,34.98,7600
PGC083734,35.23,6268
PGC083733,34.86,6984
PGC044636,35.6,6831
NGC4875,35.18,8022
PGC044649,35.51,6914
PGC044652,33.99,6919
PGC044667,33.93,8403
PGC044679,35.24,7580
PGC044675,35.24,7721
PGC044699,34.61,6586
IC4012,34.91,7252
PGC044723,34.59,7520
IC4021,34.92,5748
PGC083746,34.45,5900
IC4026,34.57,8190
PGC083747,34.83,7792
NGC4896,34.67,5971
PGC083750,34.05,8210
PGC044784,33.88,5477
PGC044815,34.09,6613
PGC083752,35.24,8126
PGC083753,33.94,6915
PGC083754,33.53,7566
PGC083755,35.29,7619
NGC4923,35,5478
IC4088,35.43,7122
PGC083757,34.01,8244
PGC083759,34.99,7292
PGC083760,34.71,5752
PGC083762,34.85,8665
PGC083764,35.19,5983
PGC083766,34.52,7621
PGC045023,33.55,7430
NGC4929,35.43,6241
PGC045032,34.24,8224
PGC094012,35.16,8386
PGC045498,36.03,10126
IC0851,33.22,2619
IC4210,34.48,6384
UGC08317,34.4,6068
NGC5081,35.47,6660
PGC046640,35.89,10295
NGC5116,33.1,2910
IC0902,32.21,1714
UGC08662,32.75,2081
PGC048783,35.09,7180
UGC08742,32.25,2333
NGC5313,33.36,2617
NGC5337,33.51,2204
NGC5356,31.45,1346
PGC049732,32.43,2642
UGC09245,31.15,2018
NGC5630,32.42,2771
UGC09389,32.71,1858
NGC5698,34.02,3734
UGC09530,34.62,8596
UGC09556,33.71,2462
UGC09612,35.98,10963
UGC09638,32.63,2427
PGC214352,35.85,10112
PGC053805,34.72,14906
UGC09703,32.29,2636
UGC09845,33.19,1945
IC1125,32.34,2814
PGC2085703,38.27,28568
UGC10244,35.76,10011
NGC6195,35.81,9159
PGC2172338,35.3,8074
PGC1188501,36.54,14970
NGC7112,34.26,6036
PGC999654,36.19,15072
PGC037040,34.24,7642
UGC09394,32.26,1802
UGC09682,32.94,1823
UGC08282,33.45,2176
PGC1154577,36.43,18910
NGC5014,29.03,1180
PGC1130011,36.65,20081
PGC1808334,35,9761
SDSSJ224142.05-000812.9,36.88,17485
UGC09746,32.24,1751
UGC05798,32.59,1573
NGC4081,31.33,1605
PGC2078048,35.4,6161
UGC06363,35.03,6267
PGC1154145,35.67,13749
PGC1161680,36.6,19672
IC4567,34.01,5866
UGC05249,32.35,1734
UGC09056,32.05,2149
PGC039401,35.08,6861
NGC4993,33.19,2802
NGC4080,31.06,542
UGC04754,34.39,5459
IC3442,31.12,1198
IC3019,31.14,1615
UGC07854,30.98,914
UGC07399A,31.15,1371
