日期,物种
2018/1/1,大麦
2018/1/2,二歧鹿角蕨
2018/1/3,三角帆蚌
2018/1/4,四膜虫
2018/1/5,乌鸦
2018/1/6,六出花
2018/1/7,旗鱼
2018/1/8,八角金盘
2018/1/9,韭葱
2018/1/10,石花菜
2018/1/11,百灵
2018/1/12,荨麻
2018/1/13,万代兰
2018/1/14,异叶地锦
2018/1/15,北美红杉
2018/1/16,叙利亚仓鼠
2018/1/17,蜡梅
2018/1/18,紫草
2018/1/19,旅鸽
2018/1/20,毒芹
2018/1/21,非洲野猫
2018/1/22,皮氏枪乌贼
2018/1/23,糖槭
2018/1/24,大足鼠耳蝠
2018/1/25,干酪乳杆菌
2018/1/26,羊驼
2018/1/27,毛竹
2018/1/28,花毛茛
2018/1/29,樟
2018/1/30,金雕
2018/1/31,没药树
2018/2/1,小白鼠
2018/2/2,剑麻
2018/2/3,胭脂虫
2018/2/4,蓝耳翠鸟
2018/2/5,南极磷虾
2018/2/6,薰衣草
2018/2/7,黇鹿
2018/2/8,突灶螽
2018/2/9,菩提树
2018/2/10,黄胸鹀
2018/2/11,葫芦
2018/2/12,海带
2018/2/13,欧洲栓皮栎
2018/2/14,突厥蔷薇
2018/2/15,家鸡
2018/2/16,狗
2018/2/17,酿酒酵母
2018/2/18,异色瓢虫
2018/2/19,棕榈
2018/2/20,草龟
2018/2/21,茜草
2018/2/22,蓝鳍金枪鱼
2018/2/23,香荚兰
2018/2/24,正鸡纳
2018/2/25,努比亚长颈鹿
2018/2/26,柽柳
2018/2/27,三叶虫
2018/2/28,母菊
2018/3/1,麝牛
2018/3/2,胡椒
2018/3/3,龙
2018/3/4,拟南芥
2018/3/5,领西貒
2018/3/6,特基拉龙舌兰
2018/3/7,玄凤鹦鹉
2018/3/8,麝香百合
2018/3/9,沙丁鱼
2018/3/10,桑
2018/3/11,骨螺
2018/3/12,巴氏斑龙
2018/3/13,垂丝海棠
2018/3/14,枯草芽孢杆菌
2018/3/15,油棕
2018/3/16,马
2018/3/17,矮牵牛
2018/3/18,浣熊
2018/3/19,香蕉
2018/3/20,三角龙
2018/3/21,白柳
2018/3/22,肠杆菌噬菌体T4
2018/3/23,鲤
2018/3/24,金鱼草
2018/3/25,大麻
2018/3/26,抹香鲸
2018/3/27,二球悬铃木
2018/3/28,豹
2018/3/29,毛地黄
2018/3/30,中国鲎
2018/3/31,古巴裸盖菇
2018/4/1,家鸽
2018/4/2,玉兰
2018/4/3,北美负鼠
2018/4/4,沐浴角骨海绵
2018/4/5,构
2018/4/6,单峰骆驼
2018/4/7,含笑
2018/4/8,加拉帕戈斯陆龟
2018/4/9,马来沉香
2018/4/10,椰子狸
2018/4/11,郁金香
2018/4/12,丰年虾
2018/4/13,石楠
2018/4/14,欧洲矮象
2018/4/15,罂粟
2018/4/16,褐家鼠
2018/4/17,可乐果
2018/4/18,米曲霉
2018/4/19,苜蓿
2018/4/20,美洲河狸
2018/4/21,二乔玉兰
2018/4/22,大翅鲸
2018/4/23,家猫
2018/4/24,草莓
2018/4/25,茶
2018/4/26,双吻前口蝠鲼
2018/4/27,亚麻
2018/4/28,家猪
2018/4/29,东京樱花
2018/4/30,醋酸杆菌
2018/5/1,西方蜜蜂
2018/5/2,牡丹
2018/5/3,普通鸬鹚
2018/5/4,芦苇
2018/5/5,芝麻
2018/5/6,印度犀
2018/5/7,白头硬尾鸭
2018/5/8,漆树
2018/5/9,芍药
2018/5/10,暴龙
2018/5/11,甘蔗
2018/5/12,柞蚕
2018/5/13,八角
2018/5/14,美国短吻鳄
2018/5/15,绣球荚蒾
2018/5/16,美洲野牛
2018/5/17,梭梭
2018/5/18,大西洋鲑
2018/5/19,葡萄
2018/5/20,绿孔雀
2018/5/21,木樨榄
2018/5/22,水豚
2018/5/23,洋常春藤
2018/5/24,亚洲龙鱼
2018/5/25,菖蒲
2018/5/26,鸵鸟
2018/5/27,杂交茶香月季
2018/5/28,苏云金芽孢杆菌
2018/5/29,木棉
2018/5/30,女王凤凰螺
2018/5/31,烟草
2018/6/1,亚洲黑熊
2018/6/2,中华斗蟋
2018/6/3,欧洲水青冈
2018/6/4,栀子
2018/6/5,红大袋鼠
2018/6/6,蓖麻
2018/6/7,大西洋鳕
2018/6/8,白蜡树
2018/6/9,雪豹
2018/6/10,彩虹吉丁虫
2018/6/11,葛
2018/6/12,狼
2018/6/13,合欢
2018/6/14,丹顶鹤
2018/6/15,大叶冬青
2018/6/16,旋角羚
2018/6/17,杰克曼铁线莲
2018/6/18,箬竹
2018/6/19,黄牛
2018/6/20,白兰
2018/6/21,马铃薯
2018/6/22,樱桃红蟑
2018/6/23,肉豆蔻
2018/6/24,小熊猫
2018/6/25,石榴
2018/6/26,中国大鲵
2018/6/27,毛泡桐
2018/6/28,蒙眼貂
2018/6/29,大豆
2018/6/30,弓头鲸
2018/7/1,柳叶马鞭草
2018/7/2,帝企鹅
2018/7/3,向日葵
2018/7/4,广藿香
2018/7/5,绵羊
2018/7/6,大肠杆菌
2018/7/7,蒲葵
2018/7/8,暹罗斗鱼
2018/7/9,纺织娘
2018/7/10,红树
2018/7/11,尼安德特人
2018/7/12,欧洲平牡蛎
2018/7/13,吊兰
2018/7/14,短尾毛丝鼠
2018/7/15,卷丹
2018/7/16,菘蓝
2018/7/17,黄鼬
2018/7/18,青檀
2018/7/19,颠茄
2018/7/20,豹纹守宫
2018/7/21,紫罗兰
2018/7/22,驴
2018/7/23,西瓜
2018/7/24,保加利亚乳杆菌
2018/7/25,灯芯草
2018/7/26,毁灭刃齿虎
2018/7/27,落花生
2018/7/28,欧洲医蛭
2018/7/29,白鹳
2018/7/30,月桂
2018/7/31,非洲灵猫
2018/8/1,除虫菊
2018/8/2,驼鹿
2018/8/3,姜
2018/8/4,纵纹腹小鸮
2018/8/5,沙棘
2018/8/6,产黄青霉
2018/8/7,啤酒花
2018/8/8,鲫
2018/8/9,火炬松
2018/8/10,亚洲象
2018/8/11,阿拉伯乳香树
2018/8/12,西番莲
2018/8/13,紫貂
2018/8/14,稻
2018/8/15,菊石
2018/8/16,野罂粟
2018/8/17,花鲶
2018/8/18,椰子
2018/8/19,豚鼠
2018/8/20,魔芋
2018/8/21,大羊驼
2018/8/22,琥珀豆
2018/8/23,大极乐鸟
2018/8/24,香石竹
2018/8/25,秀丽隐杆线虫
2018/8/26,豌豆
2018/8/27,黑足鲍
2018/8/28,楠木
2018/8/29,优雅蝈螽
2018/8/30,始祖鸟
2018/8/31,辣椒
2018/9/1,马尾松
2018/9/2,霓虹脂鲤
2018/9/3,林麝
2018/9/4,紫茉莉
2018/9/5,盔犀鸟
2018/9/6,毛白杨
2018/9/7,美洲水貂
2018/9/8,葱
2018/9/9,洋桔梗
2018/9/10,口虾蛄
2018/9/11,纸莎草
2018/9/12,食蟹猕猴
2018/9/13,非洲菊
2018/9/14,黄脸油葫芦
2018/9/15,大桉
2018/9/16,真猛犸象
2018/9/17,银杏
2018/9/18,水牛
2018/9/19,钝叶鸡蛋花
2018/9/20,长鼻猴
2018/9/21,可可
2018/9/22,鸿雁
2018/9/23,硅藻
2018/9/24,中华蟾蜍
2018/9/25,黑腹果蝇
2018/9/26,欧洲刺柏
2018/9/27,家山羊
2018/9/28,白桦
2018/9/29,蓝鲸
2018/9/30,菊
2018/10/1,马鹿
2018/10/2,秋水仙
2018/10/3,中华绒螯蟹
2018/10/4,柠檬
2018/10/5,光滑货币虫
2018/10/6,乌桕
2018/10/7,大蓝闪蝶
2018/10/8,金针菇
2018/10/9,花椒
2018/10/10,黑冠猕猴
2018/10/11,胡桃
2018/10/12,蚕
2018/10/13,多叶羽扇豆
2018/10/14,雀尾螳螂虾
2018/10/15,家兔
2018/10/16,货贝
2018/10/17,富贵竹
2018/10/18,黄紫拟雀鲷
2018/10/19,檀香
2018/10/20,红曲霉
2018/10/21,番红花
2018/10/22,安波鞭腕虾
2018/10/23,欧鼹鼠
2018/10/24,红花
2018/10/25,非洲爪蟾
2018/10/26,橡胶树
2018/10/27,番茄
2018/10/28,欧洲水鼬
2018/10/29,小粒咖啡
2018/10/30,藏羚羊
2018/10/31,马蹄莲
2018/11/1,一角鲸
2018/11/2,洋葱
2018/11/3,椰子涡螺
2018/11/4,柿
2018/11/5,普通小麦
2018/11/6,牦牛
2018/11/7,油桐
2018/11/8,斑胸草雀
2018/11/9,黄花蒿
2018/11/10,甜橙
2018/11/11,平原斑马
2018/11/12,翅茎补血草
2018/11/13,赤狐
2018/11/14,果壳綦江龙
2018/11/15,甜叶菊
2018/11/16,宽吻海豚
2018/11/17,梧桐
2018/11/18,秋葵
2018/11/19,赤麂
2018/11/20,欧洲七叶树
2018/11/21,香堇菜
2018/11/22,火鸡
2018/11/23,地肤
2018/11/24,孔雀鱼
2018/11/25,陆地棉
2018/11/26,圣蜣螂
2018/11/27,玉蜀黍
2018/11/28,海象
2018/11/29,槐
2018/11/30,球蟒
2018/12/1,金盏花
2018/12/2,大砗磲
2018/12/3,海洋原绿球菌
2018/12/4,皂荚
2018/12/5,欧亚红松鼠
2018/12/6,山葵
2018/12/7,斑马鱼
2018/12/8,锡兰肉桂
2018/12/9,风铃草
2018/12/10,鲸鲨
2018/12/11,双峰骆驼
2018/12/12,茉莉
2018/12/13,家鸭
2018/12/14,短叶红豆杉
2018/12/15,番薯
2018/12/16,藏狐
2018/12/17,甜菜
2018/12/18,儒艮
2018/12/19,留兰香
2018/12/20,渡渡鸟
2018/12/21,欧洲油菜
2018/12/22,河马
2018/12/23,石斛
2018/12/24,驯鹿
2018/12/25,苹果
2018/12/26,腐乳毛霉
2018/12/27,采木
2018/12/28,琴海豹
2018/12/29,梅
2018/12/30,猎隼
2018/12/31,梅花鹿
